stem,patient_id,y_true,y_pred
101_1b1_Al_sc_Meditron,101,0,0
101_1b1_Al_sc_Meditron,101,0,0
101_1b1_Al_sc_Meditron,101,0,0
101_1b1_Al_sc_Meditron,101,0,0
101_1b1_Al_sc_Meditron,101,0,0
101_1b1_Al_sc_Meditron,101,0,0
101_1b1_Al_sc_Meditron,101,0,1
101_1b1_Al_sc_Meditron,101,0,1
101_1b1_Al_sc_Meditron,101,0,0
101_1b1_Al_sc_Meditron,101,0,0
101_1b1_Al_sc_Meditron,101,0,0
101_1b1_Al_sc_Meditron,101,0,0
101_1b1_Pr_sc_Meditron,101,0,0
101_1b1_Pr_sc_Meditron,101,0,0
101_1b1_Pr_sc_Meditron,101,0,0
101_1b1_Pr_sc_Meditron,101,0,0
101_1b1_Pr_sc_Meditron,101,0,0
101_1b1_Pr_sc_Meditron,101,0,0
101_1b1_Pr_sc_Meditron,101,0,0
101_1b1_Pr_sc_Meditron,101,0,0
101_1b1_Pr_sc_Meditron,101,0,0
101_1b1_Pr_sc_Meditron,101,0,0
101_1b1_Pr_sc_Meditron,101,0,0
102_1b1_Ar_sc_Meditron,102,0,0
102_1b1_Ar_sc_Meditron,102,0,0
102_1b1_Ar_sc_Meditron,102,0,0
102_1b1_Ar_sc_Meditron,102,0,0
102_1b1_Ar_sc_Meditron,102,0,0
102_1b1_Ar_sc_Meditron,102,0,0
102_1b1_Ar_sc_Meditron,102,0,1
102_1b1_Ar_sc_Meditron,102,0,0
102_1b1_Ar_sc_Meditron,102,0,0
102_1b1_Ar_sc_Meditron,102,0,0
102_1b1_Ar_sc_Meditron,102,0,0
102_1b1_Ar_sc_Meditron,102,0,0
102_1b1_Ar_sc_Meditron,102,0,0
104_1b1_Al_sc_Litt3200,104,0,2
104_1b1_Al_sc_Litt3200,104,0,0
104_1b1_Al_sc_Litt3200,104,0,0
104_1b1_Al_sc_Litt3200,104,0,2
104_1b1_Al_sc_Litt3200,104,0,2
104_1b1_Al_sc_Litt3200,104,0,2
104_1b1_Ar_sc_Litt3200,104,2,1
104_1b1_Ar_sc_Litt3200,104,2,2
104_1b1_Ar_sc_Litt3200,104,2,2
104_1b1_Ar_sc_Litt3200,104,2,2
104_1b1_Ar_sc_Litt3200,104,2,0
104_1b1_Ar_sc_Litt3200,104,2,2
104_1b1_Ar_sc_Litt3200,104,2,2
104_1b1_Ar_sc_Litt3200,104,2,0
104_1b1_Ar_sc_Litt3200,104,2,0
104_1b1_Ar_sc_Litt3200,104,2,0
104_1b1_Ar_sc_Litt3200,104,0,2
104_1b1_Ar_sc_Litt3200,104,0,0
104_1b1_Ar_sc_Litt3200,104,0,3
104_1b1_Ar_sc_Litt3200,104,0,0
104_1b1_Ll_sc_Litt3200,104,0,2
104_1b1_Ll_sc_Litt3200,104,0,0
104_1b1_Ll_sc_Litt3200,104,0,2
104_1b1_Ll_sc_Litt3200,104,0,0
104_1b1_Ll_sc_Litt3200,104,1,2
104_1b1_Ll_sc_Litt3200,104,0,0
104_1b1_Ll_sc_Litt3200,104,0,2
104_1b1_Lr_sc_Litt3200,104,0,0
104_1b1_Lr_sc_Litt3200,104,0,0
104_1b1_Lr_sc_Litt3200,104,0,2
104_1b1_Lr_sc_Litt3200,104,0,2
104_1b1_Lr_sc_Litt3200,104,0,2
104_1b1_Pl_sc_Litt3200,104,0,0
104_1b1_Pl_sc_Litt3200,104,0,0
104_1b1_Pl_sc_Litt3200,104,0,3
104_1b1_Pl_sc_Litt3200,104,0,2
104_1b1_Pl_sc_Litt3200,104,0,3
104_1b1_Pl_sc_Litt3200,104,0,0
104_1b1_Pl_sc_Litt3200,104,0,0
104_1b1_Pl_sc_Litt3200,104,0,3
104_1b1_Pl_sc_Litt3200,104,0,2
104_1b1_Pl_sc_Litt3200,104,0,0
104_1b1_Pl_sc_Litt3200,104,0,0
104_1b1_Pl_sc_Litt3200,104,0,2
104_1b1_Pl_sc_Litt3200,104,0,2
104_1b1_Pr_sc_Litt3200,104,0,2
104_1b1_Pr_sc_Litt3200,104,0,0
104_1b1_Pr_sc_Litt3200,104,0,0
104_1b1_Pr_sc_Litt3200,104,0,0
104_1b1_Pr_sc_Litt3200,104,0,0
104_1b1_Pr_sc_Litt3200,104,0,2
104_1b1_Pr_sc_Litt3200,104,0,0
104_1b1_Pr_sc_Litt3200,104,0,0
104_1b1_Pr_sc_Litt3200,104,0,0
104_1b1_Pr_sc_Litt3200,104,0,0
109_1b1_Al_sc_Litt3200,109,0,3
109_1b1_Al_sc_Litt3200,109,0,2
109_1b1_Al_sc_Litt3200,109,0,2
109_1b1_Al_sc_Litt3200,109,0,3
109_1b1_Al_sc_Litt3200,109,0,2
109_1b1_Al_sc_Litt3200,109,0,0
109_1b1_Al_sc_Litt3200,109,0,2
109_1b1_Al_sc_Litt3200,109,0,3
109_1b1_Al_sc_Litt3200,109,0,2
109_1b1_Ar_sc_Litt3200,109,0,3
109_1b1_Ar_sc_Litt3200,109,0,2
109_1b1_Ar_sc_Litt3200,109,0,2
109_1b1_Ar_sc_Litt3200,109,0,2
109_1b1_Ar_sc_Litt3200,109,0,3
109_1b1_Ar_sc_Litt3200,109,0,2
109_1b1_Ar_sc_Litt3200,109,0,2
109_1b1_Ar_sc_Litt3200,109,0,2
109_1b1_Ar_sc_Litt3200,109,0,2
109_1b1_Ar_sc_Litt3200,109,0,3
109_1b1_Ll_sc_Litt3200,109,0,2
109_1b1_Ll_sc_Litt3200,109,1,3
109_1b1_Ll_sc_Litt3200,109,1,2
109_1b1_Ll_sc_Litt3200,109,1,1
109_1b1_Ll_sc_Litt3200,109,1,3
109_1b1_Ll_sc_Litt3200,109,1,1
109_1b1_Ll_sc_Litt3200,109,1,3
109_1b1_Ll_sc_Litt3200,109,1,3
109_1b1_Lr_sc_Litt3200,109,1,3
109_1b1_Lr_sc_Litt3200,109,1,3
109_1b1_Lr_sc_Litt3200,109,1,3
109_1b1_Lr_sc_Litt3200,109,1,3
109_1b1_Lr_sc_Litt3200,109,1,2
109_1b1_Lr_sc_Litt3200,109,1,3
109_1b1_Lr_sc_Litt3200,109,1,2
109_1b1_Lr_sc_Litt3200,109,1,1
109_1b1_Pl_sc_Litt3200,109,0,3
109_1b1_Pl_sc_Litt3200,109,0,2
109_1b1_Pl_sc_Litt3200,109,0,0
109_1b1_Pl_sc_Litt3200,109,0,0
109_1b1_Pl_sc_Litt3200,109,0,2
109_1b1_Pl_sc_Litt3200,109,0,2
109_1b1_Pl_sc_Litt3200,109,0,2
109_1b1_Pl_sc_Litt3200,109,0,2
109_1b1_Pl_sc_Litt3200,109,0,2
109_1b1_Pr_sc_Litt3200,109,0,2
109_1b1_Pr_sc_Litt3200,109,0,2
109_1b1_Pr_sc_Litt3200,109,0,2
109_1b1_Pr_sc_Litt3200,109,0,2
109_1b1_Pr_sc_Litt3200,109,0,2
109_1b1_Pr_sc_Litt3200,109,0,2
109_1b1_Pr_sc_Litt3200,109,0,2
109_1b1_Pr_sc_Litt3200,109,0,2
109_1b1_Pr_sc_Litt3200,109,0,2
109_1b1_Pr_sc_Litt3200,109,0,2
109_1b1_Pr_sc_Litt3200,109,0,2
109_1b1_Pr_sc_Litt3200,109,0,3
109_1b1_Pr_sc_Litt3200,109,0,2
109_1b1_Pr_sc_Litt3200,109,0,2
109_1b1_Pr_sc_Litt3200,109,0,2
109_1b1_Pr_sc_Litt3200,109,0,2
109_1b1_Pr_sc_Litt3200,109,0,2
113_1b1_Al_sc_Litt3200,113,0,2
113_1b1_Al_sc_Litt3200,113,0,2
113_1b1_Al_sc_Litt3200,113,0,2
113_1b1_Al_sc_Litt3200,113,0,2
113_1b1_Al_sc_Litt3200,113,0,2
113_1b1_Al_sc_Litt3200,113,0,2
113_1b1_Al_sc_Litt3200,113,0,2
113_1b1_Ar_sc_Litt3200,113,0,2
113_1b1_Ar_sc_Litt3200,113,0,2
113_1b1_Ar_sc_Litt3200,113,0,2
113_1b1_Ar_sc_Litt3200,113,0,2
113_1b1_Ar_sc_Litt3200,113,0,2
113_1b1_Ar_sc_Litt3200,113,0,2
113_1b1_Ar_sc_Litt3200,113,0,2
113_1b1_Ar_sc_Litt3200,113,0,2
113_1b1_Ll_sc_Litt3200,113,0,2
113_1b1_Ll_sc_Litt3200,113,0,2
113_1b1_Ll_sc_Litt3200,113,0,2
113_1b1_Ll_sc_Litt3200,113,0,2
113_1b1_Ll_sc_Litt3200,113,0,0
113_1b1_Ll_sc_Litt3200,113,0,2
113_1b1_Ll_sc_Litt3200,113,0,2
113_1b1_Ll_sc_Litt3200,113,0,2
113_1b1_Ll_sc_Litt3200,113,0,2
113_1b1_Ll_sc_Litt3200,113,0,2
113_1b1_Ll_sc_Litt3200,113,0,2
113_1b1_Lr_sc_Litt3200,113,0,2
113_1b1_Lr_sc_Litt3200,113,0,0
113_1b1_Lr_sc_Litt3200,113,0,2
113_1b1_Lr_sc_Litt3200,113,0,2
113_1b1_Lr_sc_Litt3200,113,0,2
113_1b1_Lr_sc_Litt3200,113,0,2
113_1b1_Lr_sc_Litt3200,113,0,2
113_1b1_Pl_sc_Litt3200,113,0,2
113_1b1_Pl_sc_Litt3200,113,0,2
113_1b1_Pl_sc_Litt3200,113,0,2
113_1b1_Pl_sc_Litt3200,113,0,2
113_1b1_Pl_sc_Litt3200,113,0,2
113_1b1_Pl_sc_Litt3200,113,0,2
113_1b1_Pl_sc_Litt3200,113,0,2
113_1b1_Pl_sc_Litt3200,113,0,0
113_1b1_Pr_sc_Litt3200,113,0,2
113_1b1_Pr_sc_Litt3200,113,0,2
113_1b1_Pr_sc_Litt3200,113,0,0
113_1b1_Pr_sc_Litt3200,113,0,2
113_1b1_Pr_sc_Litt3200,113,0,2
113_1b1_Pr_sc_Litt3200,113,0,2
113_1b1_Pr_sc_Litt3200,113,0,2
113_1b1_Pr_sc_Litt3200,113,0,2
113_1b1_Pr_sc_Litt3200,113,0,2
118_1b1_Al_sc_Litt3200,118,0,2
118_1b1_Al_sc_Litt3200,118,2,2
118_1b1_Al_sc_Litt3200,118,2,2
118_1b1_Al_sc_Litt3200,118,2,2
118_1b1_Al_sc_Litt3200,118,2,2
118_1b1_Al_sc_Litt3200,118,2,2
118_1b1_Al_sc_Litt3200,118,2,2
118_1b1_Al_sc_Litt3200,118,2,2
118_1b1_Al_sc_Litt3200,118,0,2
118_1b1_Ar_sc_Litt3200,118,2,2
118_1b1_Ar_sc_Litt3200,118,2,2
118_1b1_Ar_sc_Litt3200,118,2,3
118_1b1_Ar_sc_Litt3200,118,2,2
118_1b1_Ar_sc_Litt3200,118,2,2
118_1b1_Ar_sc_Litt3200,118,2,2
118_1b1_Ar_sc_Litt3200,118,2,2
118_1b1_Ar_sc_Litt3200,118,2,2
118_1b1_Ar_sc_Litt3200,118,0,3
118_1b1_Ll_sc_Litt3200,118,0,2
118_1b1_Ll_sc_Litt3200,118,2,2
118_1b1_Ll_sc_Litt3200,118,0,2
118_1b1_Ll_sc_Litt3200,118,2,3
118_1b1_Ll_sc_Litt3200,118,0,2
118_1b1_Lr_sc_Litt3200,118,2,2
118_1b1_Lr_sc_Litt3200,118,2,2
118_1b1_Lr_sc_Litt3200,118,2,2
118_1b1_Lr_sc_Litt3200,118,2,2
118_1b1_Lr_sc_Litt3200,118,2,2
118_1b1_Lr_sc_Litt3200,118,0,0
118_1b1_Lr_sc_Litt3200,118,0,2
118_1b1_Pl_sc_Litt3200,118,0,2
118_1b1_Pl_sc_Litt3200,118,0,2
118_1b1_Pl_sc_Litt3200,118,0,3
118_1b1_Pl_sc_Litt3200,118,0,2
118_1b1_Pl_sc_Litt3200,118,0,0
118_1b1_Pr_sc_Litt3200,118,0,2
118_1b1_Pr_sc_Litt3200,118,2,2
118_1b1_Pr_sc_Litt3200,118,2,2
118_1b1_Pr_sc_Litt3200,118,2,2
118_1b1_Pr_sc_Litt3200,118,0,0
119_1b1_Ar_sc_Meditron,119,0,0
119_1b1_Ar_sc_Meditron,119,0,0
119_1b1_Ar_sc_Meditron,119,0,0
119_1b1_Ar_sc_Meditron,119,0,0
119_1b1_Ar_sc_Meditron,119,0,0
119_1b1_Ar_sc_Meditron,119,0,1
119_1b1_Ar_sc_Meditron,119,0,0
119_1b1_Ar_sc_Meditron,119,0,0
119_1b1_Ar_sc_Meditron,119,0,0
123_1b1_Al_sc_Meditron,123,0,0
123_1b1_Al_sc_Meditron,123,0,0
123_1b1_Al_sc_Meditron,123,0,0
123_1b1_Al_sc_Meditron,123,0,0
123_1b1_Al_sc_Meditron,123,0,0
123_1b1_Al_sc_Meditron,123,0,0
123_1b1_Al_sc_Meditron,123,0,0
123_1b1_Al_sc_Meditron,123,0,0
124_1b1_Al_sc_Litt3200,124,3,2
124_1b1_Al_sc_Litt3200,124,2,2
124_1b1_Al_sc_Litt3200,124,2,2
124_1b1_Al_sc_Litt3200,124,2,2
124_1b1_Al_sc_Litt3200,124,2,2
124_1b1_Al_sc_Litt3200,124,2,2
124_1b1_Al_sc_Litt3200,124,2,2
124_1b1_Al_sc_Litt3200,124,0,0
124_1b1_Ar_sc_Litt3200,124,2,2
124_1b1_Ar_sc_Litt3200,124,2,2
124_1b1_Ar_sc_Litt3200,124,2,2
124_1b1_Ar_sc_Litt3200,124,2,2
124_1b1_Ar_sc_Litt3200,124,2,2
124_1b1_Ar_sc_Litt3200,124,2,2
124_1b1_Ar_sc_Litt3200,124,0,2
124_1b1_Ll_sc_Litt3200,124,0,2
124_1b1_Ll_sc_Litt3200,124,0,2
124_1b1_Ll_sc_Litt3200,124,0,0
124_1b1_Ll_sc_Litt3200,124,0,2
124_1b1_Ll_sc_Litt3200,124,0,2
124_1b1_Ll_sc_Litt3200,124,0,2
124_1b1_Ll_sc_Litt3200,124,0,2
124_1b1_Ll_sc_Litt3200,124,0,0
124_1b1_Ll_sc_Litt3200,124,0,2
124_1b1_Ll_sc_Litt3200,124,0,0
124_1b1_Lr_sc_Litt3200,124,0,2
124_1b1_Lr_sc_Litt3200,124,0,2
124_1b1_Lr_sc_Litt3200,124,0,2
124_1b1_Lr_sc_Litt3200,124,0,2
124_1b1_Lr_sc_Litt3200,124,0,2
124_1b1_Lr_sc_Litt3200,124,0,2
124_1b1_Lr_sc_Litt3200,124,0,2
124_1b1_Lr_sc_Litt3200,124,0,0
124_1b1_Lr_sc_Litt3200,124,0,2
124_1b1_Lr_sc_Litt3200,124,0,2
124_1b1_Pl_sc_Litt3200,124,0,0
124_1b1_Pl_sc_Litt3200,124,3,3
124_1b1_Pl_sc_Litt3200,124,0,2
124_1b1_Pl_sc_Litt3200,124,0,2
124_1b1_Pl_sc_Litt3200,124,2,2
124_1b1_Pl_sc_Litt3200,124,0,2
124_1b1_Pl_sc_Litt3200,124,0,2
124_1b1_Pr_sc_Litt3200,124,0,2
124_1b1_Pr_sc_Litt3200,124,0,0
124_1b1_Pr_sc_Litt3200,124,0,0
124_1b1_Pr_sc_Litt3200,124,0,0
124_1b1_Pr_sc_Litt3200,124,0,0
124_1b1_Pr_sc_Litt3200,124,0,0
126_1b1_Al_sc_Meditron,126,0,0
126_1b1_Al_sc_Meditron,126,0,0
126_1b1_Al_sc_Meditron,126,0,0
126_1b1_Al_sc_Meditron,126,0,0
126_1b1_Al_sc_Meditron,126,0,1
126_1b1_Al_sc_Meditron,126,0,0
126_1b1_Al_sc_Meditron,126,0,1
126_1b1_Al_sc_Meditron,126,0,0
126_1b1_Al_sc_Meditron,126,0,0
126_1b1_Al_sc_Meditron,126,0,0
126_1b1_Al_sc_Meditron,126,0,0
133_2p2_Al_mc_AKGC417L,133,0,0
133_2p2_Al_mc_AKGC417L,133,0,0
133_2p2_Al_mc_AKGC417L,133,0,0
133_2p2_Al_mc_AKGC417L,133,1,0
133_2p2_Al_mc_AKGC417L,133,1,0
133_2p2_Al_mc_AKGC417L,133,0,1
133_2p2_Al_mc_AKGC417L,133,0,0
133_2p2_Al_mc_AKGC417L,133,0,0
133_2p2_Al_mc_AKGC417L,133,0,1
133_2p2_Ar_mc_AKGC417L,133,0,0
133_2p2_Ar_mc_AKGC417L,133,0,0
133_2p2_Ar_mc_AKGC417L,133,0,0
133_2p2_Ar_mc_AKGC417L,133,0,1
133_2p2_Ar_mc_AKGC417L,133,0,0
133_2p2_Ar_mc_AKGC417L,133,0,0
133_2p2_Ar_mc_AKGC417L,133,0,1
133_2p2_Ar_mc_AKGC417L,133,0,0
133_2p2_Ar_mc_AKGC417L,133,0,0
133_2p2_Pl_mc_AKGC417L,133,1,0
133_2p2_Pl_mc_AKGC417L,133,1,0
133_2p2_Pl_mc_AKGC417L,133,1,0
133_2p2_Pl_mc_AKGC417L,133,1,0
133_2p2_Pl_mc_AKGC417L,133,1,1
133_2p2_Pl_mc_AKGC417L,133,1,1
133_2p2_Pl_mc_AKGC417L,133,1,1
133_2p2_Pl_mc_AKGC417L,133,1,1
133_2p2_Pl_mc_AKGC417L,133,0,0
133_2p2_Tc_mc_AKGC417L,133,0,0
133_2p2_Tc_mc_AKGC417L,133,0,0
133_2p2_Tc_mc_AKGC417L,133,1,0
133_2p2_Tc_mc_AKGC417L,133,0,0
133_2p2_Tc_mc_AKGC417L,133,0,0
133_2p2_Tc_mc_AKGC417L,133,1,0
133_2p2_Tc_mc_AKGC417L,133,0,0
133_2p2_Tc_mc_AKGC417L,133,0,0
133_2p2_Tc_mc_AKGC417L,133,0,0
133_2p3_Al_mc_AKGC417L,133,0,0
133_2p3_Al_mc_AKGC417L,133,0,1
133_2p3_Al_mc_AKGC417L,133,0,0
133_2p3_Al_mc_AKGC417L,133,0,0
133_2p3_Al_mc_AKGC417L,133,0,0
133_2p3_Al_mc_AKGC417L,133,0,0
133_2p3_Al_mc_AKGC417L,133,0,1
133_2p3_Al_mc_AKGC417L,133,0,1
133_2p3_Ar_mc_AKGC417L,133,0,0
133_2p3_Ar_mc_AKGC417L,133,0,0
133_2p3_Ar_mc_AKGC417L,133,0,0
133_2p3_Ar_mc_AKGC417L,133,0,0
133_2p3_Ar_mc_AKGC417L,133,0,0
133_2p3_Ar_mc_AKGC417L,133,0,1
133_2p3_Ar_mc_AKGC417L,133,0,0
133_2p3_Ar_mc_AKGC417L,133,0,0
133_2p3_Pl_mc_AKGC417L,133,1,1
133_2p3_Pl_mc_AKGC417L,133,1,1
133_2p3_Pl_mc_AKGC417L,133,0,1
133_2p3_Pl_mc_AKGC417L,133,1,1
133_2p3_Pl_mc_AKGC417L,133,1,0
133_2p3_Pl_mc_AKGC417L,133,1,0
133_2p3_Pl_mc_AKGC417L,133,1,0
133_2p3_Pl_mc_AKGC417L,133,0,1
133_2p3_Pr_mc_AKGC417L,133,0,1
133_2p3_Pr_mc_AKGC417L,133,0,0
133_2p3_Pr_mc_AKGC417L,133,0,0
133_2p3_Pr_mc_AKGC417L,133,0,1
133_2p3_Pr_mc_AKGC417L,133,1,1
133_2p3_Pr_mc_AKGC417L,133,0,0
133_2p3_Pr_mc_AKGC417L,133,0,0
133_2p3_Pr_mc_AKGC417L,133,0,1
133_2p3_Tc_mc_AKGC417L,133,0,0
133_2p3_Tc_mc_AKGC417L,133,0,0
133_2p3_Tc_mc_AKGC417L,133,0,0
133_2p3_Tc_mc_AKGC417L,133,0,0
133_2p3_Tc_mc_AKGC417L,133,1,0
133_2p3_Tc_mc_AKGC417L,133,0,0
133_2p3_Tc_mc_AKGC417L,133,1,0
133_2p3_Tc_mc_AKGC417L,133,0,0
133_2p4_Al_mc_AKGC417L,133,0,0
133_2p4_Al_mc_AKGC417L,133,0,0
133_2p4_Al_mc_AKGC417L,133,0,0
133_2p4_Al_mc_AKGC417L,133,0,0
133_2p4_Al_mc_AKGC417L,133,0,0
133_2p4_Al_mc_AKGC417L,133,2,2
133_2p4_Al_mc_AKGC417L,133,2,0
133_2p4_Al_mc_AKGC417L,133,0,0
133_2p4_Ar_mc_AKGC417L,133,1,1
133_2p4_Ar_mc_AKGC417L,133,0,0
133_2p4_Ar_mc_AKGC417L,133,0,1
133_2p4_Ar_mc_AKGC417L,133,0,1
133_2p4_Ar_mc_AKGC417L,133,0,0
133_2p4_Ar_mc_AKGC417L,133,0,0
133_2p4_Ar_mc_AKGC417L,133,0,0
133_2p4_Ar_mc_AKGC417L,133,0,0
133_2p4_Pl_mc_AKGC417L,133,1,1
133_2p4_Pl_mc_AKGC417L,133,1,1
133_2p4_Pl_mc_AKGC417L,133,1,1
133_2p4_Pl_mc_AKGC417L,133,1,1
133_2p4_Pl_mc_AKGC417L,133,1,1
133_2p4_Pl_mc_AKGC417L,133,1,1
133_2p4_Pl_mc_AKGC417L,133,1,1
133_2p4_Pl_mc_AKGC417L,133,1,1
133_2p4_Pr_mc_AKGC417L,133,1,0
133_2p4_Pr_mc_AKGC417L,133,0,0
133_2p4_Pr_mc_AKGC417L,133,0,0
133_2p4_Pr_mc_AKGC417L,133,0,1
133_2p4_Pr_mc_AKGC417L,133,0,0
133_2p4_Pr_mc_AKGC417L,133,0,1
133_2p4_Pr_mc_AKGC417L,133,0,1
133_2p4_Pr_mc_AKGC417L,133,0,1
133_2p4_Tc_mc_AKGC417L,133,0,0
133_2p4_Tc_mc_AKGC417L,133,1,0
133_2p4_Tc_mc_AKGC417L,133,0,0
133_2p4_Tc_mc_AKGC417L,133,0,0
133_2p4_Tc_mc_AKGC417L,133,0,0
133_2p4_Tc_mc_AKGC417L,133,2,0
133_2p4_Tc_mc_AKGC417L,133,2,0
133_2p4_Tc_mc_AKGC417L,133,0,0
133_3p2_Al_mc_AKGC417L,133,0,0
133_3p2_Al_mc_AKGC417L,133,2,0
133_3p2_Al_mc_AKGC417L,133,0,0
133_3p2_Al_mc_AKGC417L,133,2,0
133_3p2_Al_mc_AKGC417L,133,2,0
133_3p2_Al_mc_AKGC417L,133,2,0
133_3p2_Al_mc_AKGC417L,133,2,1
133_3p2_Al_mc_AKGC417L,133,2,0
133_3p2_Ar_mc_AKGC417L,133,0,1
133_3p2_Ar_mc_AKGC417L,133,2,0
133_3p2_Ar_mc_AKGC417L,133,2,0
133_3p2_Ar_mc_AKGC417L,133,2,0
133_3p2_Ar_mc_AKGC417L,133,2,0
133_3p2_Ar_mc_AKGC417L,133,2,2
133_3p2_Ar_mc_AKGC417L,133,2,2
133_3p2_Ar_mc_AKGC417L,133,0,0
133_3p2_Pl_mc_AKGC417L,133,3,1
133_3p2_Pl_mc_AKGC417L,133,2,0
133_3p2_Pl_mc_AKGC417L,133,0,1
133_3p2_Pl_mc_AKGC417L,133,2,2
133_3p2_Pl_mc_AKGC417L,133,0,0
133_3p2_Pl_mc_AKGC417L,133,2,0
133_3p2_Pl_mc_AKGC417L,133,2,0
133_3p2_Pl_mc_AKGC417L,133,0,0
133_3p2_Pr_mc_AKGC417L,133,2,2
133_3p2_Pr_mc_AKGC417L,133,2,3
133_3p2_Pr_mc_AKGC417L,133,3,2
133_3p2_Pr_mc_AKGC417L,133,2,3
133_3p2_Pr_mc_AKGC417L,133,2,2
133_3p2_Pr_mc_AKGC417L,133,2,2
133_3p2_Pr_mc_AKGC417L,133,3,2
133_3p2_Pr_mc_AKGC417L,133,2,3
133_3p4_Tc_mc_AKGC417L,133,2,0
133_3p4_Tc_mc_AKGC417L,133,0,0
133_3p4_Tc_mc_AKGC417L,133,2,2
133_3p4_Tc_mc_AKGC417L,133,2,2
133_3p4_Tc_mc_AKGC417L,133,2,0
133_3p4_Tc_mc_AKGC417L,133,2,2
133_3p4_Tc_mc_AKGC417L,133,2,3
133_3p4_Tc_mc_AKGC417L,133,0,0
136_1b1_Ar_sc_Meditron,136,0,1
136_1b1_Ar_sc_Meditron,136,0,0
136_1b1_Ar_sc_Meditron,136,0,0
136_1b1_Ar_sc_Meditron,136,0,1
136_1b1_Ar_sc_Meditron,136,0,0
136_1b1_Ar_sc_Meditron,136,0,0
136_1b1_Ar_sc_Meditron,136,0,0
136_1b1_Ar_sc_Meditron,136,0,0
136_1b1_Ar_sc_Meditron,136,0,0
139_1b1_Al_sc_Litt3200,139,0,2
139_1b1_Al_sc_Litt3200,139,0,2
139_1b1_Al_sc_Litt3200,139,0,2
139_1b1_Al_sc_Litt3200,139,0,2
139_1b1_Al_sc_Litt3200,139,0,2
139_1b1_Al_sc_Litt3200,139,0,3
139_1b1_Al_sc_Litt3200,139,0,2
139_1b1_Al_sc_Litt3200,139,0,0
139_1b1_Al_sc_Litt3200,139,0,2
139_1b1_Al_sc_Litt3200,139,0,0
139_1b1_Ar_sc_Litt3200,139,0,2
139_1b1_Ar_sc_Litt3200,139,0,2
139_1b1_Ar_sc_Litt3200,139,0,0
139_1b1_Ar_sc_Litt3200,139,0,2
139_1b1_Ar_sc_Litt3200,139,0,2
139_1b1_Ar_sc_Litt3200,139,0,0
139_1b1_Ar_sc_Litt3200,139,0,2
139_1b1_Ar_sc_Litt3200,139,0,2
139_1b1_Ar_sc_Litt3200,139,0,2
139_1b1_Ll_sc_Litt3200,139,3,3
139_1b1_Ll_sc_Litt3200,139,0,2
139_1b1_Ll_sc_Litt3200,139,0,2
139_1b1_Ll_sc_Litt3200,139,0,0
139_1b1_Ll_sc_Litt3200,139,0,3
139_1b1_Ll_sc_Litt3200,139,0,2
139_1b1_Ll_sc_Litt3200,139,0,2
139_1b1_Ll_sc_Litt3200,139,0,2
139_1b1_Lr_sc_Litt3200,139,0,2
139_1b1_Lr_sc_Litt3200,139,1,0
139_1b1_Lr_sc_Litt3200,139,1,2
139_1b1_Lr_sc_Litt3200,139,1,3
139_1b1_Lr_sc_Litt3200,139,0,2
139_1b1_Lr_sc_Litt3200,139,0,2
139_1b1_Pl_sc_Litt3200,139,2,2
139_1b1_Pl_sc_Litt3200,139,2,2
139_1b1_Pl_sc_Litt3200,139,2,2
139_1b1_Pl_sc_Litt3200,139,0,0
139_1b1_Pl_sc_Litt3200,139,0,2
139_1b1_Pl_sc_Litt3200,139,0,2
139_1b1_Pr_sc_Litt3200,139,0,2
139_1b1_Pr_sc_Litt3200,139,0,2
139_1b1_Pr_sc_Litt3200,139,2,2
139_1b1_Pr_sc_Litt3200,139,2,2
139_1b1_Pr_sc_Litt3200,139,2,2
139_1b1_Pr_sc_Litt3200,139,2,2
139_1b1_Pr_sc_Litt3200,139,0,2
143_1b1_Al_sc_Meditron,143,0,0
143_1b1_Al_sc_Meditron,143,0,0
143_1b1_Al_sc_Meditron,143,0,1
143_1b1_Al_sc_Meditron,143,0,0
143_1b1_Al_sc_Meditron,143,0,0
143_1b1_Al_sc_Meditron,143,0,0
143_1b1_Al_sc_Meditron,143,0,0
143_1b1_Al_sc_Meditron,143,0,0
143_1b1_Al_sc_Meditron,143,0,0
143_1b1_Al_sc_Meditron,143,0,0
143_1b1_Al_sc_Meditron,143,0,0
143_1b1_Al_sc_Meditron,143,0,0
143_1b1_Al_sc_Meditron,143,0,0
143_1b1_Al_sc_Meditron,143,0,0
143_1b1_Al_sc_Meditron,143,0,0
143_1b1_Al_sc_Meditron,143,0,0
143_1b1_Al_sc_Meditron,143,0,1
143_1b1_Al_sc_Meditron,143,0,0
144_1b1_Al_sc_Meditron,144,0,0
144_1b1_Al_sc_Meditron,144,0,1
144_1b1_Al_sc_Meditron,144,0,0
144_1b1_Al_sc_Meditron,144,0,0
144_1b1_Al_sc_Meditron,144,0,0
144_1b1_Al_sc_Meditron,144,0,0
144_1b1_Al_sc_Meditron,144,0,1
144_1b1_Al_sc_Meditron,144,0,0
144_1b1_Al_sc_Meditron,144,0,0
144_1b1_Al_sc_Meditron,144,0,0
144_1b1_Tc_sc_Meditron,144,0,0
144_1b1_Tc_sc_Meditron,144,0,0
144_1b1_Tc_sc_Meditron,144,0,0
144_1b1_Tc_sc_Meditron,144,0,1
144_1b1_Tc_sc_Meditron,144,0,0
144_1b1_Tc_sc_Meditron,144,0,1
144_1b1_Tc_sc_Meditron,144,0,0
144_1b1_Tc_sc_Meditron,144,0,0
144_1b1_Tc_sc_Meditron,144,0,0
144_1b1_Tc_sc_Meditron,144,0,1
145_2b2_Al_mc_AKGC417L,145,0,1
145_2b2_Al_mc_AKGC417L,145,0,0
145_2b2_Al_mc_AKGC417L,145,0,0
145_2b2_Al_mc_AKGC417L,145,0,0
145_2b2_Al_mc_AKGC417L,145,0,0
145_2b2_Ar_mc_AKGC417L,145,1,0
145_2b2_Ar_mc_AKGC417L,145,0,0
145_2b2_Ar_mc_AKGC417L,145,1,1
145_2b2_Ar_mc_AKGC417L,145,1,0
145_2b2_Ar_mc_AKGC417L,145,0,0
145_2b2_Lr_mc_AKGC417L,145,0,0
145_2b2_Lr_mc_AKGC417L,145,0,1
145_2b2_Lr_mc_AKGC417L,145,0,1
145_2b2_Lr_mc_AKGC417L,145,0,0
145_2b2_Lr_mc_AKGC417L,145,0,1
145_2b2_Pr_mc_AKGC417L,145,0,1
145_2b2_Pr_mc_AKGC417L,145,0,1
145_2b2_Pr_mc_AKGC417L,145,0,1
145_2b2_Pr_mc_AKGC417L,145,0,1
145_2b2_Pr_mc_AKGC417L,145,0,1
145_3b2_Ar_mc_AKGC417L,145,0,0
145_3b2_Ar_mc_AKGC417L,145,0,1
145_3b2_Ar_mc_AKGC417L,145,0,0
145_3b2_Ar_mc_AKGC417L,145,0,0
145_3b2_Ar_mc_AKGC417L,145,0,0
145_3b2_Ar_mc_AKGC417L,145,0,0
145_3b2_Lr_mc_AKGC417L,145,1,1
145_3b2_Lr_mc_AKGC417L,145,1,0
145_3b2_Lr_mc_AKGC417L,145,1,0
145_3b2_Lr_mc_AKGC417L,145,1,0
145_3b2_Lr_mc_AKGC417L,145,1,0
145_3b2_Lr_mc_AKGC417L,145,1,1
145_3b4_Pl_mc_AKGC417L,145,0,1
145_3b4_Pl_mc_AKGC417L,145,0,0
145_3b4_Pl_mc_AKGC417L,145,0,1
145_3b4_Pl_mc_AKGC417L,145,0,0
145_3b4_Pl_mc_AKGC417L,145,0,0
146_2b2_Pl_mc_AKGC417L,146,0,0
146_2b2_Pl_mc_AKGC417L,146,0,0
146_2b2_Pl_mc_AKGC417L,146,3,1
146_2b2_Pl_mc_AKGC417L,146,3,0
146_2b2_Pl_mc_AKGC417L,146,3,2
146_2b4_Al_mc_AKGC417L,146,0,1
146_2b4_Al_mc_AKGC417L,146,0,1
146_2b4_Al_mc_AKGC417L,146,0,0
146_2b4_Al_mc_AKGC417L,146,0,0
146_2b4_Al_mc_AKGC417L,146,0,0
146_2b4_Al_mc_AKGC417L,146,0,1
146_2b4_Ar_mc_AKGC417L,146,0,0
146_2b4_Ar_mc_AKGC417L,146,0,1
146_2b4_Ar_mc_AKGC417L,146,0,1
146_2b4_Ar_mc_AKGC417L,146,0,0
146_2b4_Ar_mc_AKGC417L,146,0,0
146_2b4_Ar_mc_AKGC417L,146,0,0
146_2b4_Ll_mc_AKGC417L,146,0,0
146_2b4_Ll_mc_AKGC417L,146,0,1
146_2b4_Ll_mc_AKGC417L,146,0,1
146_2b4_Ll_mc_AKGC417L,146,0,0
146_2b4_Ll_mc_AKGC417L,146,0,0
146_2b4_Ll_mc_AKGC417L,146,0,0
146_2b4_Lr_mc_AKGC417L,146,0,1
146_2b4_Lr_mc_AKGC417L,146,0,1
146_2b4_Lr_mc_AKGC417L,146,0,0
146_2b4_Lr_mc_AKGC417L,146,0,1
146_2b4_Lr_mc_AKGC417L,146,0,1
146_2b4_Lr_mc_AKGC417L,146,0,0
146_2b4_Pr_mc_AKGC417L,146,0,1
146_2b4_Pr_mc_AKGC417L,146,0,0
146_2b4_Pr_mc_AKGC417L,146,0,1
146_2b4_Pr_mc_AKGC417L,146,0,1
146_2b4_Pr_mc_AKGC417L,146,0,1
146_2b4_Pr_mc_AKGC417L,146,0,0
146_8p3_Al_mc_AKGC417L,146,0,0
146_8p3_Al_mc_AKGC417L,146,0,2
146_8p3_Al_mc_AKGC417L,146,0,0
146_8p3_Al_mc_AKGC417L,146,0,2
146_8p3_Al_mc_AKGC417L,146,0,2
146_8p3_Al_mc_AKGC417L,146,0,3
146_8p3_Al_mc_AKGC417L,146,0,2
146_8p3_Al_mc_AKGC417L,146,0,2
146_8p3_Al_mc_AKGC417L,146,0,3
146_8p3_Ar_mc_AKGC417L,146,0,1
146_8p3_Ar_mc_AKGC417L,146,1,0
146_8p3_Ar_mc_AKGC417L,146,1,1
146_8p3_Ar_mc_AKGC417L,146,1,0
146_8p3_Ar_mc_AKGC417L,146,1,0
146_8p3_Ar_mc_AKGC417L,146,1,1
146_8p3_Ar_mc_AKGC417L,146,1,1
146_8p3_Ar_mc_AKGC417L,146,0,1
146_8p3_Ar_mc_AKGC417L,146,0,0
146_8p3_Lr_mc_AKGC417L,146,0,1
146_8p3_Lr_mc_AKGC417L,146,2,1
146_8p3_Lr_mc_AKGC417L,146,2,1
146_8p3_Lr_mc_AKGC417L,146,2,1
146_8p3_Lr_mc_AKGC417L,146,2,1
146_8p3_Lr_mc_AKGC417L,146,2,1
146_8p3_Lr_mc_AKGC417L,146,2,1
146_8p3_Lr_mc_AKGC417L,146,2,0
146_8p3_Lr_mc_AKGC417L,146,2,0
146_8p3_Pl_mc_AKGC417L,146,0,2
146_8p3_Pl_mc_AKGC417L,146,0,2
146_8p3_Pl_mc_AKGC417L,146,0,2
146_8p3_Pl_mc_AKGC417L,146,0,2
146_8p3_Pl_mc_AKGC417L,146,0,3
146_8p3_Pl_mc_AKGC417L,146,0,2
146_8p3_Pl_mc_AKGC417L,146,0,2
146_8p3_Pl_mc_AKGC417L,146,0,2
146_8p3_Pl_mc_AKGC417L,146,0,3
146_8p3_Pr_mc_AKGC417L,146,0,1
146_8p3_Pr_mc_AKGC417L,146,0,1
146_8p3_Pr_mc_AKGC417L,146,0,1
146_8p3_Pr_mc_AKGC417L,146,0,1
146_8p3_Pr_mc_AKGC417L,146,0,1
146_8p3_Pr_mc_AKGC417L,146,0,1
146_8p3_Pr_mc_AKGC417L,146,0,1
146_8p3_Pr_mc_AKGC417L,146,0,1
146_8p3_Pr_mc_AKGC417L,146,0,0
147_1b2_Tc_mc_AKGC417L,147,0,0
147_1b2_Tc_mc_AKGC417L,147,0,0
147_1b2_Tc_mc_AKGC417L,147,0,0
147_1b2_Tc_mc_AKGC417L,147,0,0
147_1b2_Tc_mc_AKGC417L,147,0,0
147_1b2_Tc_mc_AKGC417L,147,0,0
147_1b2_Tc_mc_AKGC417L,147,0,0
147_1b2_Tc_mc_AKGC417L,147,2,0
147_1b2_Tc_mc_AKGC417L,147,2,0
147_1b2_Tc_mc_AKGC417L,147,2,0
147_1b2_Tc_mc_AKGC417L,147,2,0
147_1b2_Tc_mc_AKGC417L,147,0,0
147_1b3_Tc_mc_AKGC417L,147,0,0
147_1b3_Tc_mc_AKGC417L,147,0,1
147_1b3_Tc_mc_AKGC417L,147,1,0
147_1b3_Tc_mc_AKGC417L,147,1,0
147_1b3_Tc_mc_AKGC417L,147,0,0
147_1b3_Tc_mc_AKGC417L,147,0,0
147_1b3_Tc_mc_AKGC417L,147,0,0
147_1b3_Tc_mc_AKGC417L,147,0,0
147_1b3_Tc_mc_AKGC417L,147,0,0
147_1b3_Tc_mc_AKGC417L,147,0,0
147_1b3_Tc_mc_AKGC417L,147,0,0
147_1b4_Tc_mc_AKGC417L,147,2,0
147_1b4_Tc_mc_AKGC417L,147,2,0
147_1b4_Tc_mc_AKGC417L,147,0,0
147_1b4_Tc_mc_AKGC417L,147,2,0
147_1b4_Tc_mc_AKGC417L,147,2,0
147_1b4_Tc_mc_AKGC417L,147,2,0
147_1b4_Tc_mc_AKGC417L,147,2,0
147_1b4_Tc_mc_AKGC417L,147,2,0
147_1b4_Tc_mc_AKGC417L,147,2,0
147_1b4_Tc_mc_AKGC417L,147,0,0
147_1b4_Tc_mc_AKGC417L,147,2,0
147_1b4_Tc_mc_AKGC417L,147,0,0
147_1b4_Tc_mc_AKGC417L,147,0,0
147_1b4_Tc_mc_AKGC417L,147,2,0
147_1b4_Tc_mc_AKGC417L,147,0,0
147_2b2_Al_mc_AKGC417L,147,2,2
147_2b2_Al_mc_AKGC417L,147,2,1
147_2b2_Al_mc_AKGC417L,147,2,2
147_2b2_Al_mc_AKGC417L,147,0,1
147_2b2_Al_mc_AKGC417L,147,0,0
147_2b2_Ar_mc_AKGC417L,147,2,1
147_2b2_Ar_mc_AKGC417L,147,2,0
147_2b2_Ar_mc_AKGC417L,147,2,3
147_2b2_Ar_mc_AKGC417L,147,0,0
147_2b2_Ar_mc_AKGC417L,147,0,0
147_2b2_Pl_mc_AKGC417L,147,0,1
147_2b2_Pl_mc_AKGC417L,147,2,3
147_2b2_Pl_mc_AKGC417L,147,2,1
147_2b2_Pl_mc_AKGC417L,147,2,1
147_2b2_Pl_mc_AKGC417L,147,0,0
147_2b3_Al_mc_AKGC417L,147,0,1
147_2b3_Al_mc_AKGC417L,147,2,3
147_2b3_Al_mc_AKGC417L,147,0,1
147_2b3_Al_mc_AKGC417L,147,2,2
147_2b3_Al_mc_AKGC417L,147,0,0
147_2b3_Ar_mc_AKGC417L,147,0,0
147_2b3_Ar_mc_AKGC417L,147,2,0
147_2b3_Ar_mc_AKGC417L,147,0,1
147_2b3_Ar_mc_AKGC417L,147,0,2
147_2b3_Ar_mc_AKGC417L,147,0,0
147_2b3_Ll_mc_AKGC417L,147,0,1
147_2b3_Ll_mc_AKGC417L,147,0,0
147_2b3_Ll_mc_AKGC417L,147,0,0
147_2b3_Ll_mc_AKGC417L,147,0,2
147_2b3_Ll_mc_AKGC417L,147,0,1
147_2b3_Lr_mc_AKGC417L,147,0,0
147_2b3_Lr_mc_AKGC417L,147,0,0
147_2b3_Lr_mc_AKGC417L,147,0,0
147_2b3_Lr_mc_AKGC417L,147,0,2
147_2b3_Lr_mc_AKGC417L,147,0,0
147_2b3_Pl_mc_AKGC417L,147,2,2
147_2b3_Pl_mc_AKGC417L,147,2,2
147_2b3_Pl_mc_AKGC417L,147,2,3
147_2b3_Pl_mc_AKGC417L,147,2,2
147_2b3_Pl_mc_AKGC417L,147,0,0
147_2b4_Al_mc_AKGC417L,147,0,3
147_2b4_Al_mc_AKGC417L,147,0,1
147_2b4_Al_mc_AKGC417L,147,0,1
147_2b4_Al_mc_AKGC417L,147,0,1
147_2b4_Al_mc_AKGC417L,147,0,0
147_2b4_Ar_mc_AKGC417L,147,0,1
147_2b4_Ar_mc_AKGC417L,147,0,1
147_2b4_Ar_mc_AKGC417L,147,0,1
147_2b4_Ar_mc_AKGC417L,147,0,1
147_2b4_Ar_mc_AKGC417L,147,0,0
147_2b4_Ll_mc_AKGC417L,147,0,0
147_2b4_Ll_mc_AKGC417L,147,0,0
147_2b4_Ll_mc_AKGC417L,147,0,1
147_2b4_Ll_mc_AKGC417L,147,0,1
147_2b4_Ll_mc_AKGC417L,147,0,0
147_2b4_Lr_mc_AKGC417L,147,0,0
147_2b4_Lr_mc_AKGC417L,147,0,0
147_2b4_Lr_mc_AKGC417L,147,0,0
147_2b4_Lr_mc_AKGC417L,147,0,0
147_2b4_Lr_mc_AKGC417L,147,0,0
147_2b4_Pl_mc_AKGC417L,147,2,3
147_2b4_Pl_mc_AKGC417L,147,0,0
147_2b4_Pl_mc_AKGC417L,147,0,1
147_2b4_Pl_mc_AKGC417L,147,0,1
147_2b4_Pl_mc_AKGC417L,147,0,0
149_1b1_Al_sc_Meditron,149,0,0
149_1b1_Al_sc_Meditron,149,0,1
149_1b1_Al_sc_Meditron,149,2,1
149_1b1_Al_sc_Meditron,149,2,0
149_1b1_Al_sc_Meditron,149,3,1
149_1b1_Al_sc_Meditron,149,2,0
149_1b1_Al_sc_Meditron,149,0,0
149_1b1_Al_sc_Meditron,149,1,0
149_1b1_Al_sc_Meditron,149,2,0
149_1b1_Al_sc_Meditron,149,2,0
149_1b1_Al_sc_Meditron,149,2,0
149_1b1_Al_sc_Meditron,149,2,0
149_1b1_Al_sc_Meditron,149,2,0
149_1b1_Al_sc_Meditron,149,2,0
149_1b1_Al_sc_Meditron,149,2,1
149_1b1_Al_sc_Meditron,149,2,1
149_1b1_Al_sc_Meditron,149,3,1
149_1b1_Al_sc_Meditron,149,2,1
149_1b1_Lr_sc_Meditron,149,0,0
149_1b1_Lr_sc_Meditron,149,0,0
149_1b1_Lr_sc_Meditron,149,0,0
149_1b1_Lr_sc_Meditron,149,0,1
149_1b1_Lr_sc_Meditron,149,0,0
149_1b1_Lr_sc_Meditron,149,0,1
149_1b1_Lr_sc_Meditron,149,0,0
149_1b1_Lr_sc_Meditron,149,0,0
149_1b1_Lr_sc_Meditron,149,1,0
149_1b1_Lr_sc_Meditron,149,1,0
149_1b1_Lr_sc_Meditron,149,0,1
149_1b1_Lr_sc_Meditron,149,0,0
149_1b1_Lr_sc_Meditron,149,0,0
149_1b1_Lr_sc_Meditron,149,0,1
149_1b1_Lr_sc_Meditron,149,0,0
149_1b1_Lr_sc_Meditron,149,0,0
149_1b1_Pl_sc_Meditron,149,2,0
149_1b1_Pl_sc_Meditron,149,0,0
149_1b1_Pl_sc_Meditron,149,0,2
149_1b1_Pl_sc_Meditron,149,0,0
149_1b1_Pl_sc_Meditron,149,2,0
149_1b1_Pl_sc_Meditron,149,2,2
149_1b1_Pl_sc_Meditron,149,2,2
149_1b1_Pl_sc_Meditron,149,2,2
149_1b1_Pl_sc_Meditron,149,0,2
149_1b1_Pl_sc_Meditron,149,1,0
149_1b1_Pl_sc_Meditron,149,2,2
149_1b1_Pl_sc_Meditron,149,0,0
149_1b1_Pl_sc_Meditron,149,0,0
149_1b1_Pl_sc_Meditron,149,0,0
149_1b1_Pl_sc_Meditron,149,0,0
149_1b1_Pl_sc_Meditron,149,0,0
149_1b1_Pl_sc_Meditron,149,0,1
150_1b2_Al_sc_Meditron,150,1,0
150_1b2_Al_sc_Meditron,150,1,0
150_1b2_Al_sc_Meditron,150,1,0
150_1b2_Al_sc_Meditron,150,1,0
150_1b2_Al_sc_Meditron,150,0,0
150_1b2_Al_sc_Meditron,150,1,0
150_1b2_Al_sc_Meditron,150,1,0
150_1b2_Al_sc_Meditron,150,1,0
150_1b2_Al_sc_Meditron,150,1,0
150_1b2_Al_sc_Meditron,150,0,0
150_1b2_Al_sc_Meditron,150,1,1
150_1b2_Al_sc_Meditron,150,0,0
150_1b2_Al_sc_Meditron,150,0,0
150_1b2_Al_sc_Meditron,150,0,0
150_1b2_Al_sc_Meditron,150,2,2
150_1b2_Al_sc_Meditron,150,0,0
150_1b2_Al_sc_Meditron,150,0,0
151_2p2_Al_mc_AKGC417L,151,3,2
151_2p2_Al_mc_AKGC417L,151,2,2
151_2p2_Al_mc_AKGC417L,151,3,2
151_2p2_Al_mc_AKGC417L,151,0,0
151_2p2_Al_mc_AKGC417L,151,1,0
151_2p2_Al_mc_AKGC417L,151,2,2
151_2p2_Ar_mc_AKGC417L,151,0,2
151_2p2_Ar_mc_AKGC417L,151,0,0
151_2p2_Ar_mc_AKGC417L,151,0,2
151_2p2_Ar_mc_AKGC417L,151,0,0
151_2p2_Ar_mc_AKGC417L,151,0,0
151_2p2_Ar_mc_AKGC417L,151,0,0
151_2p2_Ll_mc_AKGC417L,151,2,2
151_2p2_Ll_mc_AKGC417L,151,3,0
151_2p2_Ll_mc_AKGC417L,151,3,2
151_2p2_Ll_mc_AKGC417L,151,1,1
151_2p2_Ll_mc_AKGC417L,151,1,0
151_2p2_Ll_mc_AKGC417L,151,3,2
151_2p2_Lr_mc_AKGC417L,151,2,0
151_2p2_Lr_mc_AKGC417L,151,0,1
151_2p2_Lr_mc_AKGC417L,151,0,2
151_2p2_Lr_mc_AKGC417L,151,1,1
151_2p2_Lr_mc_AKGC417L,151,0,0
151_2p2_Lr_mc_AKGC417L,151,0,0
151_2p2_Pl_mc_AKGC417L,151,2,3
151_2p2_Pl_mc_AKGC417L,151,2,2
151_2p2_Pl_mc_AKGC417L,151,2,2
151_2p2_Pl_mc_AKGC417L,151,0,1
151_2p2_Pl_mc_AKGC417L,151,0,1
151_2p2_Pl_mc_AKGC417L,151,2,3
151_2p2_Pr_mc_AKGC417L,151,2,2
151_2p2_Pr_mc_AKGC417L,151,0,1
151_2p2_Pr_mc_AKGC417L,151,0,2
151_2p2_Pr_mc_AKGC417L,151,0,0
151_2p2_Pr_mc_AKGC417L,151,0,0
151_2p2_Pr_mc_AKGC417L,151,0,0
151_2p2_Tc_mc_AKGC417L,151,0,1
151_2p2_Tc_mc_AKGC417L,151,2,2
151_2p2_Tc_mc_AKGC417L,151,0,2
151_2p2_Tc_mc_AKGC417L,151,0,0
151_2p2_Tc_mc_AKGC417L,151,0,0
151_2p2_Tc_mc_AKGC417L,151,2,2
151_2p3_Al_mc_AKGC417L,151,3,2
151_2p3_Al_mc_AKGC417L,151,3,0
151_2p3_Al_mc_AKGC417L,151,3,0
151_2p3_Al_mc_AKGC417L,151,2,2
151_2p3_Al_mc_AKGC417L,151,0,0
151_2p3_Al_mc_AKGC417L,151,0,3
151_2p3_Ar_mc_AKGC417L,151,2,2
151_2p3_Ar_mc_AKGC417L,151,1,0
151_2p3_Ar_mc_AKGC417L,151,2,2
151_2p3_Ar_mc_AKGC417L,151,1,0
151_2p3_Ar_mc_AKGC417L,151,1,0
151_2p3_Ar_mc_AKGC417L,151,1,2
151_2p3_Ll_mc_AKGC417L,151,2,3
151_2p3_Ll_mc_AKGC417L,151,2,2
151_2p3_Ll_mc_AKGC417L,151,2,2
151_2p3_Ll_mc_AKGC417L,151,2,2
151_2p3_Ll_mc_AKGC417L,151,3,3
151_2p3_Ll_mc_AKGC417L,151,3,3
151_2p3_Lr_mc_AKGC417L,151,0,2
151_2p3_Lr_mc_AKGC417L,151,0,2
151_2p3_Lr_mc_AKGC417L,151,0,0
151_2p3_Lr_mc_AKGC417L,151,0,0
151_2p3_Lr_mc_AKGC417L,151,0,3
151_2p3_Lr_mc_AKGC417L,151,0,0
151_2p3_Pl_mc_AKGC417L,151,2,2
151_2p3_Pl_mc_AKGC417L,151,2,3
151_2p3_Pl_mc_AKGC417L,151,2,2
151_2p3_Pl_mc_AKGC417L,151,2,2
151_2p3_Pl_mc_AKGC417L,151,0,2
151_2p3_Pl_mc_AKGC417L,151,2,2
151_2p3_Pr_mc_AKGC417L,151,0,2
151_2p3_Pr_mc_AKGC417L,151,0,3
151_2p3_Pr_mc_AKGC417L,151,0,0
151_2p3_Pr_mc_AKGC417L,151,0,2
151_2p3_Pr_mc_AKGC417L,151,0,0
151_2p3_Pr_mc_AKGC417L,151,0,1
151_2p3_Tc_mc_AKGC417L,151,0,2
151_2p3_Tc_mc_AKGC417L,151,0,0
151_2p3_Tc_mc_AKGC417L,151,0,0
151_2p3_Tc_mc_AKGC417L,151,2,2
151_2p3_Tc_mc_AKGC417L,151,0,0
151_2p3_Tc_mc_AKGC417L,151,2,2
151_2p4_Al_mc_AKGC417L,151,0,2
151_2p4_Al_mc_AKGC417L,151,0,2
151_2p4_Al_mc_AKGC417L,151,1,0
151_2p4_Al_mc_AKGC417L,151,1,0
151_2p4_Al_mc_AKGC417L,151,2,2
151_2p4_Al_mc_AKGC417L,151,0,0
151_2p4_Ar_mc_AKGC417L,151,1,0
151_2p4_Ar_mc_AKGC417L,151,2,2
151_2p4_Ar_mc_AKGC417L,151,2,0
151_2p4_Ar_mc_AKGC417L,151,0,0
151_2p4_Ar_mc_AKGC417L,151,0,2
151_2p4_Ar_mc_AKGC417L,151,0,0
151_2p4_Ll_mc_AKGC417L,151,3,2
151_2p4_Ll_mc_AKGC417L,151,3,2
151_2p4_Ll_mc_AKGC417L,151,3,0
151_2p4_Ll_mc_AKGC417L,151,3,1
151_2p4_Ll_mc_AKGC417L,151,2,2
151_2p4_Ll_mc_AKGC417L,151,1,1
151_2p4_Lr_mc_AKGC417L,151,0,1
151_2p4_Lr_mc_AKGC417L,151,2,2
151_2p4_Lr_mc_AKGC417L,151,0,0
151_2p4_Lr_mc_AKGC417L,151,0,0
151_2p4_Lr_mc_AKGC417L,151,0,0
151_2p4_Lr_mc_AKGC417L,151,0,1
151_2p4_Pl_mc_AKGC417L,151,3,2
151_2p4_Pl_mc_AKGC417L,151,3,2
151_2p4_Pl_mc_AKGC417L,151,3,2
151_2p4_Pl_mc_AKGC417L,151,3,0
151_2p4_Pl_mc_AKGC417L,151,2,2
151_2p4_Pl_mc_AKGC417L,151,0,1
151_2p4_Pr_mc_AKGC417L,151,0,0
151_2p4_Pr_mc_AKGC417L,151,2,2
151_2p4_Pr_mc_AKGC417L,151,0,0
151_2p4_Pr_mc_AKGC417L,151,0,0
151_2p4_Pr_mc_AKGC417L,151,0,2
151_2p4_Pr_mc_AKGC417L,151,0,1
151_2p4_Tc_mc_AKGC417L,151,0,2
151_2p4_Tc_mc_AKGC417L,151,2,0
151_2p4_Tc_mc_AKGC417L,151,2,0
151_2p4_Tc_mc_AKGC417L,151,0,0
151_2p4_Tc_mc_AKGC417L,151,2,2
151_2p4_Tc_mc_AKGC417L,151,0,0
151_3p2_Al_mc_AKGC417L,151,1,1
151_3p2_Al_mc_AKGC417L,151,3,0
151_3p2_Al_mc_AKGC417L,151,1,0
151_3p2_Al_mc_AKGC417L,151,1,0
151_3p2_Al_mc_AKGC417L,151,1,0
151_3p2_Al_mc_AKGC417L,151,0,1
151_3p2_Ar_mc_AKGC417L,151,1,0
151_3p2_Ar_mc_AKGC417L,151,3,0
151_3p2_Ar_mc_AKGC417L,151,1,0
151_3p2_Ar_mc_AKGC417L,151,1,0
151_3p2_Ar_mc_AKGC417L,151,1,0
151_3p2_Ar_mc_AKGC417L,151,0,0
151_3p2_Lr_mc_AKGC417L,151,2,2
151_3p2_Lr_mc_AKGC417L,151,3,2
151_3p2_Lr_mc_AKGC417L,151,0,1
151_3p2_Lr_mc_AKGC417L,151,0,1
151_3p2_Lr_mc_AKGC417L,151,2,1
151_3p2_Lr_mc_AKGC417L,151,0,1
151_3p2_Pl_mc_AKGC417L,151,1,1
151_3p2_Pl_mc_AKGC417L,151,3,2
151_3p2_Pl_mc_AKGC417L,151,1,1
151_3p2_Pl_mc_AKGC417L,151,1,1
151_3p2_Pl_mc_AKGC417L,151,1,1
151_3p2_Pl_mc_AKGC417L,151,1,1
151_3p2_Pr_mc_AKGC417L,151,3,3
151_3p2_Pr_mc_AKGC417L,151,3,0
151_3p2_Pr_mc_AKGC417L,151,0,0
151_3p2_Pr_mc_AKGC417L,151,0,0
151_3p2_Pr_mc_AKGC417L,151,0,0
151_3p2_Pr_mc_AKGC417L,151,0,0
151_3p2_Tc_mc_AKGC417L,151,0,0
151_3p2_Tc_mc_AKGC417L,151,2,2
151_3p2_Tc_mc_AKGC417L,151,0,0
151_3p2_Tc_mc_AKGC417L,151,0,0
151_3p2_Tc_mc_AKGC417L,151,0,0
151_3p2_Tc_mc_AKGC417L,151,0,0
151_3p3_Ll_mc_AKGC417L,151,1,1
151_3p3_Ll_mc_AKGC417L,151,3,3
151_3p3_Ll_mc_AKGC417L,151,3,1
151_3p3_Ll_mc_AKGC417L,151,1,1
151_3p3_Ll_mc_AKGC417L,151,1,1
151_3p3_Ll_mc_AKGC417L,151,0,0
160_1b2_Al_mc_AKGC417L,160,3,0
160_1b2_Al_mc_AKGC417L,160,3,2
160_1b2_Ar_mc_AKGC417L,160,2,0
160_1b2_Ar_mc_AKGC417L,160,2,0
160_1b2_Lr_mc_AKGC417L,160,1,1
160_1b2_Lr_mc_AKGC417L,160,2,1
160_1b2_Pl_mc_AKGC417L,160,2,1
160_1b2_Pl_mc_AKGC417L,160,2,0
160_1b2_Pr_mc_AKGC417L,160,3,2
160_1b2_Pr_mc_AKGC417L,160,2,1
160_1b2_Tc_mc_AKGC417L,160,0,1
160_1b2_Tc_mc_AKGC417L,160,2,0
160_1b3_Al_mc_AKGC417L,160,2,3
160_1b3_Al_mc_AKGC417L,160,3,2
160_1b3_Al_mc_AKGC417L,160,2,2
160_1b3_Al_mc_AKGC417L,160,2,2
160_1b3_Al_mc_AKGC417L,160,0,0
160_1b3_Ar_mc_AKGC417L,160,2,0
160_1b3_Ar_mc_AKGC417L,160,2,0
160_1b3_Ar_mc_AKGC417L,160,2,0
160_1b3_Ar_mc_AKGC417L,160,2,0
160_1b3_Ar_mc_AKGC417L,160,0,0
160_1b3_Lr_mc_AKGC417L,160,2,0
160_1b3_Lr_mc_AKGC417L,160,2,1
160_1b3_Lr_mc_AKGC417L,160,2,1
160_1b3_Lr_mc_AKGC417L,160,2,1
160_1b3_Lr_mc_AKGC417L,160,0,0
160_1b3_Pl_mc_AKGC417L,160,2,0
160_1b3_Pl_mc_AKGC417L,160,3,0
160_1b3_Pl_mc_AKGC417L,160,3,3
160_1b3_Pl_mc_AKGC417L,160,2,0
160_1b3_Pl_mc_AKGC417L,160,0,0
160_1b3_Pr_mc_AKGC417L,160,3,1
160_1b3_Pr_mc_AKGC417L,160,3,0
160_1b3_Pr_mc_AKGC417L,160,3,0
160_1b3_Pr_mc_AKGC417L,160,3,1
160_1b3_Pr_mc_AKGC417L,160,1,1
160_1b3_Tc_mc_AKGC417L,160,0,0
160_1b3_Tc_mc_AKGC417L,160,2,0
160_1b3_Tc_mc_AKGC417L,160,2,0
160_1b3_Tc_mc_AKGC417L,160,2,0
160_1b3_Tc_mc_AKGC417L,160,0,0
160_1b4_Al_mc_AKGC417L,160,3,0
160_1b4_Al_mc_AKGC417L,160,3,2
160_1b4_Al_mc_AKGC417L,160,3,2
160_1b4_Al_mc_AKGC417L,160,3,2
160_1b4_Ar_mc_AKGC417L,160,2,0
160_1b4_Ar_mc_AKGC417L,160,2,0
160_1b4_Ar_mc_AKGC417L,160,3,0
160_1b4_Ar_mc_AKGC417L,160,3,0
160_1b4_Lr_mc_AKGC417L,160,2,0
160_1b4_Lr_mc_AKGC417L,160,2,1
160_1b4_Lr_mc_AKGC417L,160,2,0
160_1b4_Lr_mc_AKGC417L,160,2,0
160_1b4_Pl_mc_AKGC417L,160,2,1
160_1b4_Pl_mc_AKGC417L,160,3,1
160_1b4_Pl_mc_AKGC417L,160,2,0
160_1b4_Pl_mc_AKGC417L,160,2,0
160_1b4_Pr_mc_AKGC417L,160,3,1
160_1b4_Pr_mc_AKGC417L,160,3,0
160_1b4_Pr_mc_AKGC417L,160,1,1
160_1b4_Pr_mc_AKGC417L,160,1,1
160_1b4_Tc_mc_AKGC417L,160,2,0
160_1b4_Tc_mc_AKGC417L,160,2,0
160_1b4_Tc_mc_AKGC417L,160,2,0
160_1b4_Tc_mc_AKGC417L,160,2,0
160_2b3_Lr_mc_AKGC417L,160,0,0
160_2b3_Lr_mc_AKGC417L,160,0,0
160_2b3_Lr_mc_AKGC417L,160,0,0
160_2b3_Lr_mc_AKGC417L,160,1,0
160_2b3_Lr_mc_AKGC417L,160,0,0
160_2b3_Lr_mc_AKGC417L,160,0,0
160_2b3_Lr_mc_AKGC417L,160,0,0
160_2b4_Ar_mc_AKGC417L,160,1,0
160_2b4_Ar_mc_AKGC417L,160,1,0
160_2b4_Ar_mc_AKGC417L,160,1,0
160_2b4_Ar_mc_AKGC417L,160,1,0
160_2b4_Ar_mc_AKGC417L,160,1,0
160_2b4_Ar_mc_AKGC417L,160,1,1
160_2b4_Ar_mc_AKGC417L,160,1,0
160_2b4_Pl_mc_AKGC417L,160,1,1
160_2b4_Pl_mc_AKGC417L,160,1,0
160_2b4_Pl_mc_AKGC417L,160,1,0
160_2b4_Pl_mc_AKGC417L,160,1,0
160_2b4_Pl_mc_AKGC417L,160,1,1
160_2b4_Pl_mc_AKGC417L,160,1,1
160_2b4_Pl_mc_AKGC417L,160,1,1
160_2b4_Pr_mc_AKGC417L,160,1,1
160_2b4_Pr_mc_AKGC417L,160,1,1
160_2b4_Pr_mc_AKGC417L,160,1,0
160_2b4_Pr_mc_AKGC417L,160,1,1
160_2b4_Pr_mc_AKGC417L,160,1,1
160_2b4_Pr_mc_AKGC417L,160,1,1
160_2b4_Pr_mc_AKGC417L,160,1,1
160_2b4_Tc_mc_AKGC417L,160,0,0
160_2b4_Tc_mc_AKGC417L,160,0,0
160_2b4_Tc_mc_AKGC417L,160,0,0
160_2b4_Tc_mc_AKGC417L,160,0,0
160_2b4_Tc_mc_AKGC417L,160,0,0
160_2b4_Tc_mc_AKGC417L,160,0,0
160_2b4_Tc_mc_AKGC417L,160,0,0
165_1b1_Ar_sc_Meditron,165,0,1
165_1b1_Ar_sc_Meditron,165,0,0
165_1b1_Ar_sc_Meditron,165,1,0
165_1b1_Ar_sc_Meditron,165,1,0
165_1b1_Ar_sc_Meditron,165,0,0
165_1b1_Ar_sc_Meditron,165,0,0
165_1b1_Ar_sc_Meditron,165,0,1
165_1b1_Pl_sc_Meditron,165,0,0
165_1b1_Pl_sc_Meditron,165,0,0
165_1b1_Pl_sc_Meditron,165,0,0
165_1b1_Pl_sc_Meditron,165,0,0
165_1b1_Pl_sc_Meditron,165,0,0
165_1b1_Pl_sc_Meditron,165,0,0
165_1b1_Pl_sc_Meditron,165,0,0
165_1b1_Pl_sc_Meditron,165,0,0
165_1b1_Pr_sc_Meditron,165,0,0
165_1b1_Pr_sc_Meditron,165,1,1
165_1b1_Pr_sc_Meditron,165,0,1
165_1b1_Pr_sc_Meditron,165,0,0
165_1b1_Pr_sc_Meditron,165,0,0
165_1b1_Pr_sc_Meditron,165,2,0
165_1b1_Pr_sc_Meditron,165,0,0
165_1b1_Pr_sc_Meditron,165,0,1
169_1b1_Lr_sc_Meditron,169,1,1
169_1b1_Lr_sc_Meditron,169,1,1
169_1b1_Lr_sc_Meditron,169,0,1
169_1b1_Lr_sc_Meditron,169,1,1
169_1b1_Lr_sc_Meditron,169,1,0
169_1b1_Lr_sc_Meditron,169,1,1
169_1b1_Lr_sc_Meditron,169,0,1
169_1b2_Ll_sc_Meditron,169,1,0
169_1b2_Ll_sc_Meditron,169,1,0
169_1b2_Ll_sc_Meditron,169,1,0
169_1b2_Ll_sc_Meditron,169,1,1
169_1b2_Ll_sc_Meditron,169,0,1
169_1b2_Ll_sc_Meditron,169,1,0
169_1b2_Ll_sc_Meditron,169,1,0
170_1b2_Al_mc_AKGC417L,170,0,0
170_1b2_Al_mc_AKGC417L,170,0,1
170_1b2_Al_mc_AKGC417L,170,0,0
170_1b2_Al_mc_AKGC417L,170,0,0
170_1b2_Al_mc_AKGC417L,170,0,0
170_1b2_Ar_mc_AKGC417L,170,0,0
170_1b2_Ar_mc_AKGC417L,170,0,0
170_1b2_Ar_mc_AKGC417L,170,0,1
170_1b2_Ar_mc_AKGC417L,170,0,1
170_1b2_Ar_mc_AKGC417L,170,0,0
170_1b2_Lr_mc_AKGC417L,170,0,1
170_1b2_Lr_mc_AKGC417L,170,0,0
170_1b2_Lr_mc_AKGC417L,170,0,0
170_1b2_Lr_mc_AKGC417L,170,0,0
170_1b2_Lr_mc_AKGC417L,170,0,0
170_1b2_Pl_mc_AKGC417L,170,1,1
170_1b2_Pl_mc_AKGC417L,170,1,1
170_1b2_Pl_mc_AKGC417L,170,1,0
170_1b2_Pl_mc_AKGC417L,170,1,1
170_1b2_Pl_mc_AKGC417L,170,0,0
170_1b2_Pr_mc_AKGC417L,170,0,1
170_1b2_Pr_mc_AKGC417L,170,0,0
170_1b2_Pr_mc_AKGC417L,170,0,0
170_1b2_Pr_mc_AKGC417L,170,0,1
170_1b2_Pr_mc_AKGC417L,170,0,0
170_1b2_Tc_mc_AKGC417L,170,0,1
170_1b2_Tc_mc_AKGC417L,170,0,0
170_1b2_Tc_mc_AKGC417L,170,0,1
170_1b2_Tc_mc_AKGC417L,170,0,0
170_1b2_Tc_mc_AKGC417L,170,0,1
170_1b3_Al_mc_AKGC417L,170,0,1
170_1b3_Al_mc_AKGC417L,170,0,0
170_1b3_Al_mc_AKGC417L,170,0,0
170_1b3_Al_mc_AKGC417L,170,0,0
170_1b3_Al_mc_AKGC417L,170,0,0
170_1b3_Al_mc_AKGC417L,170,0,0
170_1b3_Ar_mc_AKGC417L,170,0,0
170_1b3_Ar_mc_AKGC417L,170,0,1
170_1b3_Ar_mc_AKGC417L,170,0,0
170_1b3_Ar_mc_AKGC417L,170,0,0
170_1b3_Ar_mc_AKGC417L,170,0,0
170_1b3_Ar_mc_AKGC417L,170,0,0
170_1b3_Ll_mc_AKGC417L,170,0,0
170_1b3_Ll_mc_AKGC417L,170,0,0
170_1b3_Ll_mc_AKGC417L,170,0,0
170_1b3_Ll_mc_AKGC417L,170,0,1
170_1b3_Ll_mc_AKGC417L,170,0,0
170_1b3_Ll_mc_AKGC417L,170,0,0
170_1b3_Lr_mc_AKGC417L,170,0,0
170_1b3_Lr_mc_AKGC417L,170,0,0
170_1b3_Lr_mc_AKGC417L,170,0,1
170_1b3_Lr_mc_AKGC417L,170,1,0
170_1b3_Lr_mc_AKGC417L,170,0,0
170_1b3_Lr_mc_AKGC417L,170,0,0
170_1b3_Pl_mc_AKGC417L,170,1,1
170_1b3_Pl_mc_AKGC417L,170,1,0
170_1b3_Pl_mc_AKGC417L,170,1,1
170_1b3_Pl_mc_AKGC417L,170,1,1
170_1b3_Pl_mc_AKGC417L,170,1,1
170_1b3_Pl_mc_AKGC417L,170,1,1
170_1b3_Pr_mc_AKGC417L,170,1,0
170_1b3_Pr_mc_AKGC417L,170,0,0
170_1b3_Pr_mc_AKGC417L,170,0,0
170_1b3_Pr_mc_AKGC417L,170,0,0
170_1b3_Pr_mc_AKGC417L,170,0,1
170_1b3_Pr_mc_AKGC417L,170,0,0
170_1b3_Tc_mc_AKGC417L,170,0,0
170_1b3_Tc_mc_AKGC417L,170,0,1
170_1b3_Tc_mc_AKGC417L,170,0,0
170_1b3_Tc_mc_AKGC417L,170,0,0
170_1b3_Tc_mc_AKGC417L,170,0,0
170_1b3_Tc_mc_AKGC417L,170,0,1
170_1b4_Al_mc_AKGC417L,170,0,0
170_1b4_Al_mc_AKGC417L,170,0,0
170_1b4_Al_mc_AKGC417L,170,0,0
170_1b4_Al_mc_AKGC417L,170,0,1
170_1b4_Al_mc_AKGC417L,170,0,0
170_1b4_Al_mc_AKGC417L,170,0,0
170_1b4_Ar_mc_AKGC417L,170,1,0
170_1b4_Ar_mc_AKGC417L,170,3,0
170_1b4_Ar_mc_AKGC417L,170,3,0
170_1b4_Ar_mc_AKGC417L,170,3,0
170_1b4_Ar_mc_AKGC417L,170,2,0
170_1b4_Ar_mc_AKGC417L,170,3,0
170_1b4_Lr_mc_AKGC417L,170,0,0
170_1b4_Lr_mc_AKGC417L,170,0,0
170_1b4_Lr_mc_AKGC417L,170,0,0
170_1b4_Lr_mc_AKGC417L,170,0,0
170_1b4_Lr_mc_AKGC417L,170,0,1
170_1b4_Lr_mc_AKGC417L,170,0,0
170_1b4_Pl_mc_AKGC417L,170,1,1
170_1b4_Pl_mc_AKGC417L,170,1,1
170_1b4_Pl_mc_AKGC417L,170,1,0
170_1b4_Pl_mc_AKGC417L,170,1,1
170_1b4_Pl_mc_AKGC417L,170,1,1
170_1b4_Pl_mc_AKGC417L,170,1,1
170_1b4_Pr_mc_AKGC417L,170,0,1
170_1b4_Pr_mc_AKGC417L,170,1,1
170_1b4_Pr_mc_AKGC417L,170,0,1
170_1b4_Pr_mc_AKGC417L,170,0,0
170_1b4_Pr_mc_AKGC417L,170,1,0
170_1b4_Pr_mc_AKGC417L,170,0,0
170_1b4_Tc_mc_AKGC417L,170,0,1
170_1b4_Tc_mc_AKGC417L,170,0,0
170_1b4_Tc_mc_AKGC417L,170,0,0
170_1b4_Tc_mc_AKGC417L,170,0,1
170_1b4_Tc_mc_AKGC417L,170,0,1
170_1b4_Tc_mc_AKGC417L,170,0,0
170_2b2_Al_mc_AKGC417L,170,0,1
170_2b2_Al_mc_AKGC417L,170,0,0
170_2b2_Al_mc_AKGC417L,170,0,0
170_2b2_Al_mc_AKGC417L,170,0,0
170_2b2_Al_mc_AKGC417L,170,0,0
170_2b2_Al_mc_AKGC417L,170,0,0
170_2b2_Al_mc_AKGC417L,170,0,0
170_2b2_Ar_mc_AKGC417L,170,0,1
170_2b2_Ar_mc_AKGC417L,170,1,1
170_2b2_Ar_mc_AKGC417L,170,1,0
170_2b2_Ar_mc_AKGC417L,170,1,0
170_2b2_Ar_mc_AKGC417L,170,0,1
170_2b2_Ar_mc_AKGC417L,170,0,0
170_2b2_Ar_mc_AKGC417L,170,0,0
170_2b2_Lr_mc_AKGC417L,170,0,0
170_2b2_Lr_mc_AKGC417L,170,0,0
170_2b2_Lr_mc_AKGC417L,170,0,0
170_2b2_Lr_mc_AKGC417L,170,0,0
170_2b2_Lr_mc_AKGC417L,170,0,0
170_2b2_Lr_mc_AKGC417L,170,0,0
170_2b2_Lr_mc_AKGC417L,170,0,0
170_2b2_Pl_mc_AKGC417L,170,0,1
170_2b2_Pl_mc_AKGC417L,170,0,0
170_2b2_Pl_mc_AKGC417L,170,0,0
170_2b2_Pl_mc_AKGC417L,170,0,0
170_2b2_Pl_mc_AKGC417L,170,0,0
170_2b2_Pl_mc_AKGC417L,170,0,0
170_2b2_Pl_mc_AKGC417L,170,0,0
170_2b2_Pr_mc_AKGC417L,170,0,1
170_2b2_Pr_mc_AKGC417L,170,0,1
170_2b2_Pr_mc_AKGC417L,170,0,0
170_2b2_Pr_mc_AKGC417L,170,0,0
170_2b2_Pr_mc_AKGC417L,170,0,0
170_2b2_Pr_mc_AKGC417L,170,0,0
170_2b2_Pr_mc_AKGC417L,170,0,0
170_2b2_Tc_mc_AKGC417L,170,0,1
170_2b2_Tc_mc_AKGC417L,170,0,1
170_2b2_Tc_mc_AKGC417L,170,0,0
170_2b2_Tc_mc_AKGC417L,170,0,0
170_2b2_Tc_mc_AKGC417L,170,0,0
170_2b2_Tc_mc_AKGC417L,170,2,1
170_2b2_Tc_mc_AKGC417L,170,0,0
171_1b1_Al_sc_Meditron,171,0,0
171_1b1_Al_sc_Meditron,171,0,1
171_1b1_Al_sc_Meditron,171,0,0
171_1b1_Al_sc_Meditron,171,0,0
171_1b1_Al_sc_Meditron,171,0,0
171_1b1_Al_sc_Meditron,171,0,0
171_1b1_Al_sc_Meditron,171,0,0
171_1b1_Al_sc_Meditron,171,0,0
171_1b1_Al_sc_Meditron,171,0,1
173_1b1_Al_sc_Meditron,173,0,0
173_1b1_Al_sc_Meditron,173,0,0
173_1b1_Al_sc_Meditron,173,1,0
173_1b1_Al_sc_Meditron,173,0,1
173_1b1_Al_sc_Meditron,173,1,0
173_1b1_Al_sc_Meditron,173,0,0
173_1b1_Al_sc_Meditron,173,0,0
173_1b1_Al_sc_Meditron,173,1,0
173_1b1_Al_sc_Meditron,173,1,0
173_1b1_Al_sc_Meditron,173,1,0
173_1b1_Al_sc_Meditron,173,0,0
173_1b1_Al_sc_Meditron,173,0,0
173_1b1_Al_sc_Meditron,173,0,0
174_1p2_Ar_mc_AKGC417L,174,2,0
174_1p2_Ar_mc_AKGC417L,174,0,1
174_1p2_Ar_mc_AKGC417L,174,1,1
174_1p2_Ar_mc_AKGC417L,174,0,0
174_1p2_Ar_mc_AKGC417L,174,0,1
174_1p2_Ll_mc_AKGC417L,174,2,0
174_1p2_Ll_mc_AKGC417L,174,1,1
174_1p2_Ll_mc_AKGC417L,174,1,1
174_1p2_Ll_mc_AKGC417L,174,1,1
174_1p2_Ll_mc_AKGC417L,174,1,3
174_1p2_Lr_mc_AKGC417L,174,2,2
174_1p2_Lr_mc_AKGC417L,174,1,1
174_1p2_Lr_mc_AKGC417L,174,1,0
174_1p2_Lr_mc_AKGC417L,174,1,0
174_1p2_Lr_mc_AKGC417L,174,1,0
174_1p2_Pl_mc_AKGC417L,174,2,3
174_1p2_Pl_mc_AKGC417L,174,1,3
174_1p2_Pl_mc_AKGC417L,174,1,1
174_1p2_Pl_mc_AKGC417L,174,1,1
174_1p2_Pl_mc_AKGC417L,174,1,1
174_1p2_Pr_mc_AKGC417L,174,2,1
174_1p2_Pr_mc_AKGC417L,174,1,1
174_1p2_Pr_mc_AKGC417L,174,1,1
174_1p2_Pr_mc_AKGC417L,174,1,1
174_1p2_Pr_mc_AKGC417L,174,1,1
174_1p2_Tc_mc_AKGC417L,174,1,1
174_1p2_Tc_mc_AKGC417L,174,1,0
174_1p2_Tc_mc_AKGC417L,174,0,0
174_1p2_Tc_mc_AKGC417L,174,1,0
174_1p2_Tc_mc_AKGC417L,174,1,0
174_1p3_Ar_mc_AKGC417L,174,1,1
174_1p3_Ar_mc_AKGC417L,174,1,0
174_1p3_Ar_mc_AKGC417L,174,1,0
174_1p3_Ar_mc_AKGC417L,174,1,1
174_1p3_Ar_mc_AKGC417L,174,1,0
174_1p3_Ll_mc_AKGC417L,174,1,1
174_1p3_Ll_mc_AKGC417L,174,1,1
174_1p3_Ll_mc_AKGC417L,174,1,1
174_1p3_Ll_mc_AKGC417L,174,1,1
174_1p3_Ll_mc_AKGC417L,174,1,1
174_1p3_Lr_mc_AKGC417L,174,1,1
174_1p3_Lr_mc_AKGC417L,174,1,1
174_1p3_Lr_mc_AKGC417L,174,1,1
174_1p3_Lr_mc_AKGC417L,174,1,1
174_1p3_Lr_mc_AKGC417L,174,1,1
174_1p3_Pl_mc_AKGC417L,174,1,3
174_1p3_Pl_mc_AKGC417L,174,1,1
174_1p3_Pl_mc_AKGC417L,174,1,1
174_1p3_Pl_mc_AKGC417L,174,1,1
174_1p3_Pl_mc_AKGC417L,174,1,1
174_1p3_Pr_mc_AKGC417L,174,3,1
174_1p3_Pr_mc_AKGC417L,174,1,1
174_1p3_Pr_mc_AKGC417L,174,3,1
174_1p3_Pr_mc_AKGC417L,174,1,1
174_1p3_Pr_mc_AKGC417L,174,1,0
174_1p3_Tc_mc_AKGC417L,174,0,0
174_1p3_Tc_mc_AKGC417L,174,1,0
174_1p3_Tc_mc_AKGC417L,174,1,0
174_1p3_Tc_mc_AKGC417L,174,1,0
174_1p3_Tc_mc_AKGC417L,174,0,0
174_1p4_Ar_mc_AKGC417L,174,0,0
174_1p4_Ar_mc_AKGC417L,174,0,0
174_1p4_Ar_mc_AKGC417L,174,1,1
174_1p4_Ar_mc_AKGC417L,174,1,1
174_1p4_Ar_mc_AKGC417L,174,1,0
174_1p4_Ll_mc_AKGC417L,174,0,2
174_1p4_Ll_mc_AKGC417L,174,1,0
174_1p4_Ll_mc_AKGC417L,174,1,1
174_1p4_Ll_mc_AKGC417L,174,1,0
174_1p4_Ll_mc_AKGC417L,174,1,1
174_1p4_Lr_mc_AKGC417L,174,0,3
174_1p4_Lr_mc_AKGC417L,174,1,1
174_1p4_Lr_mc_AKGC417L,174,1,1
174_1p4_Lr_mc_AKGC417L,174,1,1
174_1p4_Lr_mc_AKGC417L,174,1,0
174_1p4_Pl_mc_AKGC417L,174,1,1
174_1p4_Pl_mc_AKGC417L,174,1,1
174_1p4_Pl_mc_AKGC417L,174,1,1
174_1p4_Pl_mc_AKGC417L,174,1,1
174_1p4_Pl_mc_AKGC417L,174,1,1
174_1p4_Pr_mc_AKGC417L,174,1,0
174_1p4_Pr_mc_AKGC417L,174,1,0
174_1p4_Pr_mc_AKGC417L,174,1,1
174_1p4_Pr_mc_AKGC417L,174,1,1
174_1p4_Pr_mc_AKGC417L,174,1,1
174_1p4_Tc_mc_AKGC417L,174,1,0
174_1p4_Tc_mc_AKGC417L,174,0,1
174_1p4_Tc_mc_AKGC417L,174,1,0
174_1p4_Tc_mc_AKGC417L,174,1,0
174_1p4_Tc_mc_AKGC417L,174,0,1
174_2p3_Al_mc_AKGC417L,174,1,0
174_2p3_Al_mc_AKGC417L,174,0,1
174_2p3_Al_mc_AKGC417L,174,0,1
174_2p3_Al_mc_AKGC417L,174,0,0
174_2p3_Ar_mc_AKGC417L,174,1,0
174_2p3_Ar_mc_AKGC417L,174,1,0
174_2p3_Ar_mc_AKGC417L,174,1,0
174_2p3_Ar_mc_AKGC417L,174,1,0
174_2p3_Pl_mc_AKGC417L,174,1,1
174_2p3_Pl_mc_AKGC417L,174,1,1
174_2p3_Pl_mc_AKGC417L,174,1,0
174_2p3_Pl_mc_AKGC417L,174,1,0
174_2p3_Pr_mc_AKGC417L,174,1,1
174_2p3_Pr_mc_AKGC417L,174,1,1
174_2p3_Pr_mc_AKGC417L,174,1,1
174_2p3_Pr_mc_AKGC417L,174,1,1
174_2p3_Tc_mc_AKGC417L,174,1,0
174_2p3_Tc_mc_AKGC417L,174,1,0
174_2p3_Tc_mc_AKGC417L,174,0,0
174_2p3_Tc_mc_AKGC417L,174,1,1
175_1b1_Al_sc_Litt3200,175,2,2
175_1b1_Al_sc_Litt3200,175,3,0
175_1b1_Al_sc_Litt3200,175,3,2
175_1b1_Al_sc_Litt3200,175,3,2
175_1b1_Ar_sc_Litt3200,175,0,2
175_1b1_Ar_sc_Litt3200,175,2,2
175_1b1_Ar_sc_Litt3200,175,2,2
175_1b1_Ll_sc_Litt3200,175,2,2
175_1b1_Ll_sc_Litt3200,175,0,0
175_1b1_Ll_sc_Litt3200,175,2,2
175_1b1_Ll_sc_Litt3200,175,3,2
175_1b1_Lr_sc_Litt3200,175,0,0
175_1b1_Lr_sc_Litt3200,175,3,0
175_1b1_Lr_sc_Litt3200,175,2,3
175_1b1_Lr_sc_Litt3200,175,2,3
175_1b1_Pl_sc_Litt3200,175,2,0
175_1b1_Pl_sc_Litt3200,175,2,2
175_1b1_Pl_sc_Litt3200,175,2,2
175_1b1_Pl_sc_Litt3200,175,2,2
175_1b1_Pr_sc_Litt3200,175,0,0
175_1b1_Pr_sc_Litt3200,175,2,2
175_1b1_Pr_sc_Litt3200,175,2,2
175_1b1_Pr_sc_Litt3200,175,2,2
176_1b3_Al_mc_AKGC417L,176,0,0
176_1b3_Al_mc_AKGC417L,176,1,0
176_1b3_Al_mc_AKGC417L,176,1,0
176_1b3_Al_mc_AKGC417L,176,1,1
176_1b3_Al_mc_AKGC417L,176,1,0
176_1b3_Al_mc_AKGC417L,176,1,0
176_1b3_Ar_mc_AKGC417L,176,1,0
176_1b3_Ar_mc_AKGC417L,176,1,1
176_1b3_Ar_mc_AKGC417L,176,1,1
176_1b3_Ar_mc_AKGC417L,176,1,1
176_1b3_Ar_mc_AKGC417L,176,1,1
176_1b3_Ar_mc_AKGC417L,176,1,1
176_1b3_Ll_mc_AKGC417L,176,0,0
176_1b3_Ll_mc_AKGC417L,176,1,1
176_1b3_Ll_mc_AKGC417L,176,1,1
176_1b3_Ll_mc_AKGC417L,176,1,1
176_1b3_Ll_mc_AKGC417L,176,1,1
176_1b3_Ll_mc_AKGC417L,176,1,1
176_1b3_Lr_mc_AKGC417L,176,0,1
176_1b3_Lr_mc_AKGC417L,176,1,1
176_1b3_Lr_mc_AKGC417L,176,1,1
176_1b3_Lr_mc_AKGC417L,176,1,1
176_1b3_Lr_mc_AKGC417L,176,1,0
176_1b3_Lr_mc_AKGC417L,176,1,1
176_1b3_Pl_mc_AKGC417L,176,0,0
176_1b3_Pl_mc_AKGC417L,176,1,1
176_1b3_Pl_mc_AKGC417L,176,1,1
176_1b3_Pl_mc_AKGC417L,176,1,1
176_1b3_Pl_mc_AKGC417L,176,1,1
176_1b3_Pl_mc_AKGC417L,176,1,1
176_1b3_Pr_mc_AKGC417L,176,0,0
176_1b3_Pr_mc_AKGC417L,176,1,1
176_1b3_Pr_mc_AKGC417L,176,1,1
176_1b3_Pr_mc_AKGC417L,176,1,1
176_1b3_Pr_mc_AKGC417L,176,1,1
176_1b3_Pr_mc_AKGC417L,176,1,1
176_1b3_Tc_mc_AKGC417L,176,1,0
176_1b3_Tc_mc_AKGC417L,176,1,0
176_1b3_Tc_mc_AKGC417L,176,1,0
176_1b3_Tc_mc_AKGC417L,176,1,0
176_1b3_Tc_mc_AKGC417L,176,1,0
176_1b3_Tc_mc_AKGC417L,176,1,0
176_1b4_Al_mc_AKGC417L,176,0,1
176_1b4_Al_mc_AKGC417L,176,1,1
176_1b4_Al_mc_AKGC417L,176,1,1
176_1b4_Al_mc_AKGC417L,176,1,0
176_1b4_Al_mc_AKGC417L,176,1,0
176_1b4_Al_mc_AKGC417L,176,1,1
176_1b4_Ar_mc_AKGC417L,176,1,1
176_1b4_Ar_mc_AKGC417L,176,1,0
176_1b4_Ar_mc_AKGC417L,176,1,1
176_1b4_Ar_mc_AKGC417L,176,1,1
176_1b4_Ar_mc_AKGC417L,176,1,1
176_1b4_Ar_mc_AKGC417L,176,1,0
176_1b4_Ll_mc_AKGC417L,176,1,0
176_1b4_Ll_mc_AKGC417L,176,1,1
176_1b4_Ll_mc_AKGC417L,176,1,1
176_1b4_Ll_mc_AKGC417L,176,1,1
176_1b4_Ll_mc_AKGC417L,176,1,1
176_1b4_Ll_mc_AKGC417L,176,1,1
176_1b4_Lr_mc_AKGC417L,176,1,1
176_1b4_Lr_mc_AKGC417L,176,1,1
176_1b4_Lr_mc_AKGC417L,176,1,1
176_1b4_Lr_mc_AKGC417L,176,1,1
176_1b4_Lr_mc_AKGC417L,176,1,0
176_1b4_Lr_mc_AKGC417L,176,1,0
176_1b4_Pl_mc_AKGC417L,176,1,1
176_1b4_Pl_mc_AKGC417L,176,1,1
176_1b4_Pl_mc_AKGC417L,176,1,1
176_1b4_Pl_mc_AKGC417L,176,1,1
176_1b4_Pl_mc_AKGC417L,176,1,1
176_1b4_Pl_mc_AKGC417L,176,1,1
176_1b4_Pr_mc_AKGC417L,176,1,1
176_1b4_Pr_mc_AKGC417L,176,1,1
176_1b4_Pr_mc_AKGC417L,176,1,1
176_1b4_Pr_mc_AKGC417L,176,1,1
176_1b4_Pr_mc_AKGC417L,176,1,1
176_1b4_Pr_mc_AKGC417L,176,1,1
176_1b4_Tc_mc_AKGC417L,176,1,1
176_1b4_Tc_mc_AKGC417L,176,1,1
176_1b4_Tc_mc_AKGC417L,176,1,0
176_1b4_Tc_mc_AKGC417L,176,0,0
176_1b4_Tc_mc_AKGC417L,176,1,0
176_1b4_Tc_mc_AKGC417L,176,1,0
176_2b3_Al_mc_AKGC417L,176,0,0
176_2b3_Al_mc_AKGC417L,176,1,0
176_2b3_Al_mc_AKGC417L,176,1,1
176_2b3_Al_mc_AKGC417L,176,1,0
176_2b3_Al_mc_AKGC417L,176,1,0
176_2b3_Al_mc_AKGC417L,176,1,0
176_2b3_Al_mc_AKGC417L,176,1,0
176_2b3_Ar_mc_AKGC417L,176,0,0
176_2b3_Ar_mc_AKGC417L,176,1,0
176_2b3_Ar_mc_AKGC417L,176,1,1
176_2b3_Ar_mc_AKGC417L,176,1,1
176_2b3_Ar_mc_AKGC417L,176,1,1
176_2b3_Ar_mc_AKGC417L,176,1,1
176_2b3_Ar_mc_AKGC417L,176,1,1
176_2b3_Ll_mc_AKGC417L,176,1,1
176_2b3_Ll_mc_AKGC417L,176,1,0
176_2b3_Ll_mc_AKGC417L,176,1,0
176_2b3_Ll_mc_AKGC417L,176,1,0
176_2b3_Ll_mc_AKGC417L,176,1,1
176_2b3_Ll_mc_AKGC417L,176,1,1
176_2b3_Ll_mc_AKGC417L,176,1,1
176_2b3_Lr_mc_AKGC417L,176,0,1
176_2b3_Lr_mc_AKGC417L,176,1,1
176_2b3_Lr_mc_AKGC417L,176,1,1
176_2b3_Lr_mc_AKGC417L,176,1,1
176_2b3_Lr_mc_AKGC417L,176,1,0
176_2b3_Lr_mc_AKGC417L,176,1,0
176_2b3_Lr_mc_AKGC417L,176,1,0
176_2b3_Pl_mc_AKGC417L,176,1,1
176_2b3_Pl_mc_AKGC417L,176,1,1
176_2b3_Pl_mc_AKGC417L,176,1,1
176_2b3_Pl_mc_AKGC417L,176,1,1
176_2b3_Pl_mc_AKGC417L,176,1,1
176_2b3_Pl_mc_AKGC417L,176,1,1
176_2b3_Pl_mc_AKGC417L,176,1,1
176_2b3_Pr_mc_AKGC417L,176,0,1
176_2b3_Pr_mc_AKGC417L,176,1,1
176_2b3_Pr_mc_AKGC417L,176,1,1
176_2b3_Pr_mc_AKGC417L,176,1,1
176_2b3_Pr_mc_AKGC417L,176,1,1
176_2b3_Pr_mc_AKGC417L,176,1,1
176_2b3_Pr_mc_AKGC417L,176,1,1
176_2b3_Tc_mc_AKGC417L,176,1,0
176_2b3_Tc_mc_AKGC417L,176,1,0
176_2b3_Tc_mc_AKGC417L,176,1,0
176_2b3_Tc_mc_AKGC417L,176,1,0
176_2b3_Tc_mc_AKGC417L,176,1,0
176_2b3_Tc_mc_AKGC417L,176,1,0
176_2b3_Tc_mc_AKGC417L,176,1,0
177_1b2_Al_mc_AKGC417L,177,1,1
177_1b2_Al_mc_AKGC417L,177,1,1
177_1b2_Al_mc_AKGC417L,177,1,1
177_1b2_Al_mc_AKGC417L,177,1,1
177_1b2_Ar_mc_AKGC417L,177,1,1
177_1b2_Ar_mc_AKGC417L,177,0,0
177_1b2_Ar_mc_AKGC417L,177,0,0
177_1b2_Ar_mc_AKGC417L,177,1,0
177_1b2_Lr_mc_AKGC417L,177,1,1
177_1b2_Lr_mc_AKGC417L,177,1,0
177_1b2_Lr_mc_AKGC417L,177,0,0
177_1b2_Lr_mc_AKGC417L,177,0,1
177_1b2_Pl_mc_AKGC417L,177,1,1
177_1b2_Pl_mc_AKGC417L,177,1,1
177_1b2_Pl_mc_AKGC417L,177,1,1
177_1b2_Pl_mc_AKGC417L,177,1,0
177_1b2_Pr_mc_AKGC417L,177,1,1
177_1b2_Pr_mc_AKGC417L,177,2,1
177_1b2_Pr_mc_AKGC417L,177,2,1
177_1b2_Pr_mc_AKGC417L,177,2,1
177_1b2_Tc_mc_AKGC417L,177,0,0
177_1b2_Tc_mc_AKGC417L,177,0,0
177_1b2_Tc_mc_AKGC417L,177,0,0
177_1b2_Tc_mc_AKGC417L,177,0,0
177_1b4_Al_mc_AKGC417L,177,1,0
177_1b4_Al_mc_AKGC417L,177,1,1
177_1b4_Al_mc_AKGC417L,177,1,1
177_1b4_Al_mc_AKGC417L,177,1,0
177_1b4_Al_mc_AKGC417L,177,1,1
177_1b4_Ar_mc_AKGC417L,177,0,0
177_1b4_Ar_mc_AKGC417L,177,0,0
177_1b4_Ar_mc_AKGC417L,177,0,1
177_1b4_Ar_mc_AKGC417L,177,0,0
177_1b4_Ar_mc_AKGC417L,177,0,0
177_1b4_Lr_mc_AKGC417L,177,0,1
177_1b4_Lr_mc_AKGC417L,177,0,0
177_1b4_Lr_mc_AKGC417L,177,0,0
177_1b4_Lr_mc_AKGC417L,177,0,1
177_1b4_Lr_mc_AKGC417L,177,0,0
177_1b4_Pl_mc_AKGC417L,177,1,1
177_1b4_Pl_mc_AKGC417L,177,1,1
177_1b4_Pl_mc_AKGC417L,177,1,1
177_1b4_Pl_mc_AKGC417L,177,1,1
177_1b4_Pl_mc_AKGC417L,177,1,1
177_1b4_Pr_mc_AKGC417L,177,2,0
177_1b4_Pr_mc_AKGC417L,177,2,0
177_1b4_Pr_mc_AKGC417L,177,3,0
177_1b4_Pr_mc_AKGC417L,177,2,0
177_1b4_Pr_mc_AKGC417L,177,3,0
177_1b4_Tc_mc_AKGC417L,177,0,0
177_1b4_Tc_mc_AKGC417L,177,0,0
177_1b4_Tc_mc_AKGC417L,177,0,0
177_1b4_Tc_mc_AKGC417L,177,0,0
177_1b4_Tc_mc_AKGC417L,177,0,0
177_2b4_Al_mc_AKGC417L,177,0,0
177_2b4_Al_mc_AKGC417L,177,1,1
177_2b4_Al_mc_AKGC417L,177,1,1
177_2b4_Al_mc_AKGC417L,177,1,1
177_2b4_Al_mc_AKGC417L,177,0,1
177_2b4_Lr_mc_AKGC417L,177,1,0
177_2b4_Lr_mc_AKGC417L,177,0,0
177_2b4_Lr_mc_AKGC417L,177,1,0
177_2b4_Lr_mc_AKGC417L,177,1,0
177_2b4_Lr_mc_AKGC417L,177,1,1
177_2b4_Pl_mc_AKGC417L,177,1,0
177_2b4_Pl_mc_AKGC417L,177,1,0
177_2b4_Pl_mc_AKGC417L,177,1,1
177_2b4_Pl_mc_AKGC417L,177,1,1
177_2b4_Pl_mc_AKGC417L,177,1,0
177_2b4_Pr_mc_AKGC417L,177,1,1
177_2b4_Pr_mc_AKGC417L,177,1,1
177_2b4_Pr_mc_AKGC417L,177,1,0
177_2b4_Pr_mc_AKGC417L,177,1,0
177_2b4_Pr_mc_AKGC417L,177,1,1
177_2b4_Tc_mc_AKGC417L,177,0,0
177_2b4_Tc_mc_AKGC417L,177,0,0
177_2b4_Tc_mc_AKGC417L,177,0,0
177_2b4_Tc_mc_AKGC417L,177,0,0
177_2b4_Tc_mc_AKGC417L,177,0,1
178_1b2_Al_mc_AKGC417L,178,0,1
178_1b2_Al_mc_AKGC417L,178,2,0
178_1b2_Al_mc_AKGC417L,178,2,2
178_1b2_Al_mc_AKGC417L,178,2,2
178_1b2_Al_mc_AKGC417L,178,2,1
178_1b2_Al_mc_AKGC417L,178,0,0
178_1b2_Al_mc_AKGC417L,178,0,0
178_1b2_Al_mc_AKGC417L,178,2,2
178_1b2_Al_mc_AKGC417L,178,2,3
178_1b2_Al_mc_AKGC417L,178,0,0
178_1b2_Al_mc_AKGC417L,178,0,0
178_1b2_Al_mc_AKGC417L,178,0,1
178_1b2_Ar_mc_AKGC417L,178,3,2
178_1b2_Ar_mc_AKGC417L,178,2,3
178_1b2_Ar_mc_AKGC417L,178,2,3
178_1b2_Ar_mc_AKGC417L,178,0,2
178_1b2_Ar_mc_AKGC417L,178,2,2
178_1b2_Ar_mc_AKGC417L,178,2,1
178_1b2_Ar_mc_AKGC417L,178,0,0
178_1b2_Ar_mc_AKGC417L,178,2,2
178_1b2_Ar_mc_AKGC417L,178,1,1
178_1b2_Ar_mc_AKGC417L,178,0,0
178_1b2_Ar_mc_AKGC417L,178,0,1
178_1b2_Ar_mc_AKGC417L,178,1,1
178_1b2_Lr_mc_AKGC417L,178,2,3
178_1b2_Lr_mc_AKGC417L,178,3,0
178_1b2_Lr_mc_AKGC417L,178,3,1
178_1b2_Lr_mc_AKGC417L,178,2,0
178_1b2_Lr_mc_AKGC417L,178,2,0
178_1b2_Lr_mc_AKGC417L,178,0,2
178_1b2_Lr_mc_AKGC417L,178,1,0
178_1b2_Lr_mc_AKGC417L,178,3,3
178_1b2_Lr_mc_AKGC417L,178,1,1
178_1b2_Lr_mc_AKGC417L,178,1,1
178_1b2_Lr_mc_AKGC417L,178,1,1
178_1b2_Lr_mc_AKGC417L,178,1,0
178_1b2_Pl_mc_AKGC417L,178,1,0
178_1b2_Pl_mc_AKGC417L,178,1,0
178_1b2_Pl_mc_AKGC417L,178,1,0
178_1b2_Pl_mc_AKGC417L,178,1,1
178_1b2_Pl_mc_AKGC417L,178,1,0
178_1b2_Pl_mc_AKGC417L,178,1,2
178_1b2_Pl_mc_AKGC417L,178,1,0
178_1b2_Pl_mc_AKGC417L,178,1,0
178_1b2_Pl_mc_AKGC417L,178,1,0
178_1b2_Pl_mc_AKGC417L,178,1,0
178_1b2_Pl_mc_AKGC417L,178,1,0
178_1b2_Pl_mc_AKGC417L,178,1,0
178_1b2_Pr_mc_AKGC417L,178,0,1
178_1b2_Pr_mc_AKGC417L,178,2,1
178_1b2_Pr_mc_AKGC417L,178,3,3
178_1b2_Pr_mc_AKGC417L,178,2,2
178_1b2_Pr_mc_AKGC417L,178,2,2
178_1b2_Pr_mc_AKGC417L,178,2,0
178_1b2_Pr_mc_AKGC417L,178,0,1
178_1b2_Pr_mc_AKGC417L,178,2,2
178_1b2_Pr_mc_AKGC417L,178,0,0
178_1b2_Pr_mc_AKGC417L,178,0,1
178_1b2_Pr_mc_AKGC417L,178,0,0
178_1b2_Pr_mc_AKGC417L,178,0,0
178_1b2_Tc_mc_AKGC417L,178,0,0
178_1b2_Tc_mc_AKGC417L,178,2,0
178_1b2_Tc_mc_AKGC417L,178,2,2
178_1b2_Tc_mc_AKGC417L,178,2,2
178_1b2_Tc_mc_AKGC417L,178,0,0
178_1b2_Tc_mc_AKGC417L,178,0,0
178_1b2_Tc_mc_AKGC417L,178,0,0
178_1b2_Tc_mc_AKGC417L,178,2,3
178_1b2_Tc_mc_AKGC417L,178,2,0
178_1b2_Tc_mc_AKGC417L,178,0,0
178_1b2_Tc_mc_AKGC417L,178,0,0
178_1b2_Tc_mc_AKGC417L,178,0,0
178_1b3_Al_mc_AKGC417L,178,3,0
178_1b3_Al_mc_AKGC417L,178,3,2
178_1b3_Al_mc_AKGC417L,178,2,0
178_1b3_Al_mc_AKGC417L,178,0,0
178_1b3_Al_mc_AKGC417L,178,0,1
178_1b3_Ar_mc_AKGC417L,178,1,0
178_1b3_Ar_mc_AKGC417L,178,1,0
178_1b3_Ar_mc_AKGC417L,178,3,0
178_1b3_Ar_mc_AKGC417L,178,1,0
178_1b3_Ar_mc_AKGC417L,178,1,0
178_1b3_Lr_mc_AKGC417L,178,0,1
178_1b3_Lr_mc_AKGC417L,178,0,1
178_1b3_Lr_mc_AKGC417L,178,0,1
178_1b3_Lr_mc_AKGC417L,178,0,1
178_1b3_Lr_mc_AKGC417L,178,0,1
178_1b3_Pl_mc_AKGC417L,178,0,0
178_1b3_Pl_mc_AKGC417L,178,0,0
178_1b3_Pl_mc_AKGC417L,178,0,0
178_1b3_Pl_mc_AKGC417L,178,0,0
178_1b3_Pl_mc_AKGC417L,178,0,0
178_1b3_Pr_mc_AKGC417L,178,0,1
178_1b3_Pr_mc_AKGC417L,178,0,0
178_1b3_Pr_mc_AKGC417L,178,0,0
178_1b3_Pr_mc_AKGC417L,178,0,1
178_1b3_Pr_mc_AKGC417L,178,0,0
178_1b3_Tc_mc_AKGC417L,178,0,0
178_1b3_Tc_mc_AKGC417L,178,0,0
178_1b3_Tc_mc_AKGC417L,178,1,3
178_1b3_Tc_mc_AKGC417L,178,0,1
178_1b3_Tc_mc_AKGC417L,178,0,0
178_1b6_Al_mc_AKGC417L,178,0,0
178_1b6_Al_mc_AKGC417L,178,0,0
178_1b6_Al_mc_AKGC417L,178,0,1
178_1b6_Al_mc_AKGC417L,178,0,2
178_1b6_Al_mc_AKGC417L,178,0,0
178_1b6_Al_mc_AKGC417L,178,0,0
178_1b6_Al_mc_AKGC417L,178,0,1
178_1b6_Al_mc_AKGC417L,178,0,0
178_1b6_Ar_mc_AKGC417L,178,1,0
178_1b6_Ar_mc_AKGC417L,178,1,2
178_1b6_Ar_mc_AKGC417L,178,1,0
178_1b6_Ar_mc_AKGC417L,178,1,3
178_1b6_Ar_mc_AKGC417L,178,1,0
178_1b6_Ar_mc_AKGC417L,178,1,0
178_1b6_Ar_mc_AKGC417L,178,1,0
178_1b6_Ar_mc_AKGC417L,178,1,0
178_1b6_Ll_mc_AKGC417L,178,2,0
178_1b6_Ll_mc_AKGC417L,178,2,3
178_1b6_Ll_mc_AKGC417L,178,2,1
178_1b6_Ll_mc_AKGC417L,178,2,3
178_1b6_Ll_mc_AKGC417L,178,2,1
178_1b6_Ll_mc_AKGC417L,178,2,1
178_1b6_Ll_mc_AKGC417L,178,2,0
178_1b6_Ll_mc_AKGC417L,178,2,0
178_1b6_Lr_mc_AKGC417L,178,0,1
178_1b6_Lr_mc_AKGC417L,178,0,3
178_1b6_Lr_mc_AKGC417L,178,0,1
178_1b6_Lr_mc_AKGC417L,178,0,2
178_1b6_Lr_mc_AKGC417L,178,0,1
178_1b6_Lr_mc_AKGC417L,178,0,1
178_1b6_Lr_mc_AKGC417L,178,0,1
178_1b6_Lr_mc_AKGC417L,178,0,0
178_1b6_Pl_mc_AKGC417L,178,0,1
178_1b6_Pl_mc_AKGC417L,178,0,0
178_1b6_Pl_mc_AKGC417L,178,0,0
178_1b6_Pl_mc_AKGC417L,178,0,2
178_1b6_Pl_mc_AKGC417L,178,0,0
178_1b6_Pl_mc_AKGC417L,178,0,0
178_1b6_Pl_mc_AKGC417L,178,0,0
178_1b6_Pl_mc_AKGC417L,178,0,0
178_1b6_Pr_mc_AKGC417L,178,0,0
178_1b6_Pr_mc_AKGC417L,178,2,0
178_1b6_Pr_mc_AKGC417L,178,0,0
178_1b6_Pr_mc_AKGC417L,178,0,2
178_1b6_Pr_mc_AKGC417L,178,0,0
178_1b6_Pr_mc_AKGC417L,178,0,1
178_1b6_Pr_mc_AKGC417L,178,0,0
178_1b6_Pr_mc_AKGC417L,178,2,1
178_1b6_Tc_mc_AKGC417L,178,0,0
178_1b6_Tc_mc_AKGC417L,178,0,0
178_1b6_Tc_mc_AKGC417L,178,0,0
178_1b6_Tc_mc_AKGC417L,178,0,0
178_1b6_Tc_mc_AKGC417L,178,0,1
178_1b6_Tc_mc_AKGC417L,178,0,1
178_1b6_Tc_mc_AKGC417L,178,0,0
178_1b6_Tc_mc_AKGC417L,178,0,0
178_2b2_Al_mc_AKGC417L,178,1,3
178_2b2_Al_mc_AKGC417L,178,1,1
178_2b2_Al_mc_AKGC417L,178,1,0
178_2b2_Al_mc_AKGC417L,178,0,0
178_2b2_Al_mc_AKGC417L,178,1,1
178_2b2_Al_mc_AKGC417L,178,0,0
178_2b2_Al_mc_AKGC417L,178,1,3
178_2b2_Al_mc_AKGC417L,178,1,1
178_2b2_Al_mc_AKGC417L,178,1,0
178_2b2_Al_mc_AKGC417L,178,0,1
178_2b2_Ar_mc_AKGC417L,178,0,1
178_2b2_Ar_mc_AKGC417L,178,0,1
178_2b2_Ar_mc_AKGC417L,178,0,0
178_2b2_Ar_mc_AKGC417L,178,1,1
178_2b2_Ar_mc_AKGC417L,178,0,0
178_2b2_Ar_mc_AKGC417L,178,1,0
178_2b2_Ar_mc_AKGC417L,178,1,1
178_2b2_Ar_mc_AKGC417L,178,1,0
178_2b2_Ar_mc_AKGC417L,178,1,0
178_2b2_Ar_mc_AKGC417L,178,1,1
178_2b2_Lr_mc_AKGC417L,178,0,0
178_2b2_Lr_mc_AKGC417L,178,0,1
178_2b2_Lr_mc_AKGC417L,178,0,1
178_2b2_Lr_mc_AKGC417L,178,0,0
178_2b2_Lr_mc_AKGC417L,178,0,1
178_2b2_Lr_mc_AKGC417L,178,0,1
178_2b2_Lr_mc_AKGC417L,178,0,0
178_2b2_Lr_mc_AKGC417L,178,0,0
178_2b2_Lr_mc_AKGC417L,178,0,0
178_2b2_Lr_mc_AKGC417L,178,0,0
178_2b2_Pr_mc_AKGC417L,178,0,0
178_2b2_Pr_mc_AKGC417L,178,0,1
178_2b2_Pr_mc_AKGC417L,178,0,0
178_2b2_Pr_mc_AKGC417L,178,0,1
178_2b2_Pr_mc_AKGC417L,178,0,1
178_2b2_Pr_mc_AKGC417L,178,0,1
178_2b2_Pr_mc_AKGC417L,178,0,1
178_2b2_Pr_mc_AKGC417L,178,0,0
178_2b2_Pr_mc_AKGC417L,178,0,0
178_2b2_Pr_mc_AKGC417L,178,0,0
178_2b2_Tc_mc_AKGC417L,178,0,0
178_2b2_Tc_mc_AKGC417L,178,0,1
178_2b2_Tc_mc_AKGC417L,178,0,1
178_2b2_Tc_mc_AKGC417L,178,0,0
178_2b2_Tc_mc_AKGC417L,178,0,0
178_2b2_Tc_mc_AKGC417L,178,0,0
178_2b2_Tc_mc_AKGC417L,178,0,0
178_2b2_Tc_mc_AKGC417L,178,0,0
178_2b2_Tc_mc_AKGC417L,178,0,0
178_2b2_Tc_mc_AKGC417L,178,0,0
182_1b1_Tc_sc_Meditron,182,1,0
182_1b1_Tc_sc_Meditron,182,1,1
182_1b1_Tc_sc_Meditron,182,0,0
182_1b1_Tc_sc_Meditron,182,1,0
182_1b1_Tc_sc_Meditron,182,0,0
182_1b1_Tc_sc_Meditron,182,1,0
182_1b1_Tc_sc_Meditron,182,1,0
185_1b1_Al_sc_Litt3200,185,0,3
185_1b1_Al_sc_Litt3200,185,0,0
185_1b1_Al_sc_Litt3200,185,0,2
185_1b1_Al_sc_Litt3200,185,0,2
185_1b1_Al_sc_Litt3200,185,0,2
185_1b1_Al_sc_Litt3200,185,0,0
185_1b1_Al_sc_Litt3200,185,0,0
185_1b1_Ar_sc_Litt3200,185,0,2
185_1b1_Ar_sc_Litt3200,185,0,3
185_1b1_Ar_sc_Litt3200,185,0,2
185_1b1_Ar_sc_Litt3200,185,0,2
185_1b1_Ar_sc_Litt3200,185,0,2
185_1b1_Ar_sc_Litt3200,185,0,3
185_1b1_Ar_sc_Litt3200,185,0,2
185_1b1_Ar_sc_Litt3200,185,0,2
185_1b1_Ar_sc_Litt3200,185,0,3
185_1b1_Ar_sc_Litt3200,185,0,2
185_1b1_Ar_sc_Litt3200,185,0,2
185_1b1_Ll_sc_Litt3200,185,0,2
185_1b1_Ll_sc_Litt3200,185,0,2
185_1b1_Ll_sc_Litt3200,185,0,2
185_1b1_Ll_sc_Litt3200,185,0,3
185_1b1_Ll_sc_Litt3200,185,0,0
185_1b1_Ll_sc_Litt3200,185,0,2
185_1b1_Ll_sc_Litt3200,185,0,0
185_1b1_Ll_sc_Litt3200,185,0,0
185_1b1_Ll_sc_Litt3200,185,2,2
185_1b1_Ll_sc_Litt3200,185,0,2
185_1b1_Lr_sc_Litt3200,185,0,2
185_1b1_Lr_sc_Litt3200,185,0,2
185_1b1_Lr_sc_Litt3200,185,0,2
185_1b1_Lr_sc_Litt3200,185,0,2
185_1b1_Lr_sc_Litt3200,185,0,2
185_1b1_Lr_sc_Litt3200,185,0,2
185_1b1_Lr_sc_Litt3200,185,0,2
185_1b1_Pl_sc_Litt3200,185,0,2
185_1b1_Pl_sc_Litt3200,185,0,2
185_1b1_Pl_sc_Litt3200,185,0,2
185_1b1_Pl_sc_Litt3200,185,0,2
185_1b1_Pl_sc_Litt3200,185,0,2
185_1b1_Pl_sc_Litt3200,185,0,0
185_1b1_Pl_sc_Litt3200,185,0,2
185_1b1_Pl_sc_Litt3200,185,0,0
185_1b1_Pl_sc_Litt3200,185,0,2
185_1b1_Pr_sc_Litt3200,185,0,2
185_1b1_Pr_sc_Litt3200,185,0,2
185_1b1_Pr_sc_Litt3200,185,0,2
185_1b1_Pr_sc_Litt3200,185,0,2
185_1b1_Pr_sc_Litt3200,185,0,2
185_1b1_Pr_sc_Litt3200,185,0,2
185_1b1_Pr_sc_Litt3200,185,0,2
185_1b1_Pr_sc_Litt3200,185,0,2
185_1b1_Pr_sc_Litt3200,185,0,0
185_1b1_Pr_sc_Litt3200,185,0,0
185_1b1_Pr_sc_Litt3200,185,0,0
187_1b1_Ll_sc_Meditron,187,0,1
187_1b1_Ll_sc_Meditron,187,0,0
187_1b1_Ll_sc_Meditron,187,0,0
187_1b1_Ll_sc_Meditron,187,0,0
187_1b1_Ll_sc_Meditron,187,0,0
187_1b1_Ll_sc_Meditron,187,0,0
187_1b1_Ll_sc_Meditron,187,0,0
187_1b1_Ll_sc_Meditron,187,0,0
187_1b1_Ll_sc_Meditron,187,0,0
187_1b1_Ll_sc_Meditron,187,0,0
187_1b1_Ll_sc_Meditron,187,0,0
187_1b1_Ll_sc_Meditron,187,0,0
187_1b1_Ll_sc_Meditron,187,0,0
187_1b1_Ll_sc_Meditron,187,0,0
187_1b1_Ll_sc_Meditron,187,0,1
187_1b1_Ll_sc_Meditron,187,0,0
187_1b1_Ll_sc_Meditron,187,0,0
194_1b1_Lr_sc_Meditron,194,0,0
194_1b1_Lr_sc_Meditron,194,0,0
194_1b1_Lr_sc_Meditron,194,0,0
194_1b1_Lr_sc_Meditron,194,0,0
194_1b1_Lr_sc_Meditron,194,0,0
194_1b1_Lr_sc_Meditron,194,0,0
194_1b1_Lr_sc_Meditron,194,0,0
194_1b1_Lr_sc_Meditron,194,0,0
194_1b1_Lr_sc_Meditron,194,0,0
194_1b1_Pr_sc_Meditron,194,0,0
194_1b1_Pr_sc_Meditron,194,0,0
194_1b1_Pr_sc_Meditron,194,0,0
194_1b1_Pr_sc_Meditron,194,0,1
194_1b1_Pr_sc_Meditron,194,0,0
194_1b1_Pr_sc_Meditron,194,0,0
194_1b1_Pr_sc_Meditron,194,0,0
194_1b1_Pr_sc_Meditron,194,0,0
194_1b1_Pr_sc_Meditron,194,0,0
195_1b1_Al_sc_Litt3200,195,2,0
195_1b1_Al_sc_Litt3200,195,0,2
195_1b1_Al_sc_Litt3200,195,2,2
195_1b1_Al_sc_Litt3200,195,0,0
195_1b1_Al_sc_Litt3200,195,0,2
195_1b1_Al_sc_Litt3200,195,2,3
195_1b1_Al_sc_Litt3200,195,0,0
195_1b1_Al_sc_Litt3200,195,2,0
195_1b1_Al_sc_Litt3200,195,2,2
195_1b1_Al_sc_Litt3200,195,0,2
195_1b1_Al_sc_Litt3200,195,0,2
195_1b1_Al_sc_Litt3200,195,0,3
195_1b1_Ar_sc_Litt3200,195,2,0
195_1b1_Ar_sc_Litt3200,195,0,0
195_1b1_Ar_sc_Litt3200,195,2,0
195_1b1_Ar_sc_Litt3200,195,0,0
195_1b1_Ar_sc_Litt3200,195,0,2
195_1b1_Ar_sc_Litt3200,195,0,2
195_1b1_Ar_sc_Litt3200,195,0,2
195_1b1_Ar_sc_Litt3200,195,0,0
195_1b1_Ar_sc_Litt3200,195,0,3
195_1b1_Ar_sc_Litt3200,195,0,2
195_1b1_Ar_sc_Litt3200,195,0,2
195_1b1_Ar_sc_Litt3200,195,0,2
195_1b1_Ar_sc_Litt3200,195,0,2
195_1b1_Ar_sc_Litt3200,195,0,0
195_1b1_Ar_sc_Litt3200,195,0,0
195_1b1_Ar_sc_Litt3200,195,0,2
195_1b1_Ar_sc_Litt3200,195,0,0
195_1b1_Ll_sc_Litt3200,195,2,3
195_1b1_Ll_sc_Litt3200,195,0,1
195_1b1_Ll_sc_Litt3200,195,1,1
195_1b1_Ll_sc_Litt3200,195,3,2
195_1b1_Ll_sc_Litt3200,195,3,3
195_1b1_Ll_sc_Litt3200,195,2,3
195_1b1_Ll_sc_Litt3200,195,3,3
195_1b1_Ll_sc_Litt3200,195,1,3
195_1b1_Ll_sc_Litt3200,195,0,3
195_1b1_Ll_sc_Litt3200,195,0,2
195_1b1_Ll_sc_Litt3200,195,1,0
195_1b1_Lr_sc_Litt3200,195,3,3
195_1b1_Lr_sc_Litt3200,195,2,2
195_1b1_Lr_sc_Litt3200,195,2,2
195_1b1_Lr_sc_Litt3200,195,3,2
195_1b1_Lr_sc_Litt3200,195,2,2
195_1b1_Lr_sc_Litt3200,195,2,3
195_1b1_Lr_sc_Litt3200,195,2,2
195_1b1_Lr_sc_Litt3200,195,1,2
195_1b1_Lr_sc_Litt3200,195,1,3
195_1b1_Pl_sc_Litt3200,195,2,0
195_1b1_Pl_sc_Litt3200,195,2,0
195_1b1_Pl_sc_Litt3200,195,0,1
195_1b1_Pl_sc_Litt3200,195,2,3
195_1b1_Pl_sc_Litt3200,195,2,3
195_1b1_Pl_sc_Litt3200,195,2,0
195_1b1_Pl_sc_Litt3200,195,2,3
195_1b1_Pl_sc_Litt3200,195,2,2
195_1b1_Pl_sc_Litt3200,195,0,3
195_1b1_Pr_sc_Litt3200,195,0,3
195_1b1_Pr_sc_Litt3200,195,0,3
195_1b1_Pr_sc_Litt3200,195,0,3
195_1b1_Pr_sc_Litt3200,195,0,2
195_1b1_Pr_sc_Litt3200,195,0,0
195_1b1_Pr_sc_Litt3200,195,0,2
195_1b1_Pr_sc_Litt3200,195,2,2
195_1b1_Pr_sc_Litt3200,195,0,2
195_1b1_Pr_sc_Litt3200,195,0,2
195_1b1_Pr_sc_Litt3200,195,0,0
195_1b1_Pr_sc_Litt3200,195,0,1
195_1b1_Pr_sc_Litt3200,195,0,0
195_1b1_Pr_sc_Litt3200,195,0,0
195_1b1_Pr_sc_Litt3200,195,0,0
195_1b1_Pr_sc_Litt3200,195,0,2
195_1b1_Pr_sc_Litt3200,195,0,2
195_1b1_Pr_sc_Litt3200,195,2,2
198_1b5_Al_mc_AKGC417L,198,2,2
198_1b5_Al_mc_AKGC417L,198,2,2
198_1b5_Al_mc_AKGC417L,198,2,0
198_1b5_Al_mc_AKGC417L,198,2,2
198_1b5_Al_mc_AKGC417L,198,2,2
198_1b5_Al_mc_AKGC417L,198,2,0
198_1b5_Al_mc_AKGC417L,198,0,0
198_1b5_Ar_mc_AKGC417L,198,2,2
198_1b5_Ar_mc_AKGC417L,198,2,2
198_1b5_Ar_mc_AKGC417L,198,2,0
198_1b5_Ar_mc_AKGC417L,198,2,2
198_1b5_Ar_mc_AKGC417L,198,2,2
198_1b5_Ar_mc_AKGC417L,198,2,2
198_1b5_Ar_mc_AKGC417L,198,0,0
198_1b5_Ll_mc_AKGC417L,198,0,3
198_1b5_Ll_mc_AKGC417L,198,2,0
198_1b5_Ll_mc_AKGC417L,198,2,0
198_1b5_Ll_mc_AKGC417L,198,2,0
198_1b5_Ll_mc_AKGC417L,198,2,3
198_1b5_Ll_mc_AKGC417L,198,2,0
198_1b5_Ll_mc_AKGC417L,198,0,0
198_1b5_Lr_mc_AKGC417L,198,2,2
198_1b5_Lr_mc_AKGC417L,198,2,2
198_1b5_Lr_mc_AKGC417L,198,2,0
198_1b5_Lr_mc_AKGC417L,198,2,0
198_1b5_Lr_mc_AKGC417L,198,2,3
198_1b5_Lr_mc_AKGC417L,198,2,3
198_1b5_Lr_mc_AKGC417L,198,0,1
198_1b5_Pl_mc_AKGC417L,198,2,3
198_1b5_Pl_mc_AKGC417L,198,2,3
198_1b5_Pl_mc_AKGC417L,198,2,0
198_1b5_Pl_mc_AKGC417L,198,2,2
198_1b5_Pl_mc_AKGC417L,198,2,1
198_1b5_Pl_mc_AKGC417L,198,2,3
198_1b5_Pl_mc_AKGC417L,198,0,1
198_1b5_Pr_mc_AKGC417L,198,2,2
198_1b5_Pr_mc_AKGC417L,198,2,3
198_1b5_Pr_mc_AKGC417L,198,2,2
198_1b5_Pr_mc_AKGC417L,198,2,0
198_1b5_Pr_mc_AKGC417L,198,2,0
198_1b5_Pr_mc_AKGC417L,198,2,2
198_1b5_Pr_mc_AKGC417L,198,0,0
198_1b5_Tc_mc_AKGC417L,198,2,0
198_1b5_Tc_mc_AKGC417L,198,2,0
198_1b5_Tc_mc_AKGC417L,198,2,0
198_1b5_Tc_mc_AKGC417L,198,2,0
198_1b5_Tc_mc_AKGC417L,198,2,0
198_1b5_Tc_mc_AKGC417L,198,2,0
198_1b5_Tc_mc_AKGC417L,198,0,0
198_6p1_Al_mc_AKGC417L,198,0,0
198_6p1_Al_mc_AKGC417L,198,0,1
198_6p1_Al_mc_AKGC417L,198,0,0
198_6p1_Al_mc_AKGC417L,198,0,0
198_6p1_Al_mc_AKGC417L,198,0,0
198_6p1_Al_mc_AKGC417L,198,0,1
198_6p1_Al_mc_AKGC417L,198,0,0
198_6p1_Ar_mc_AKGC417L,198,1,0
198_6p1_Ar_mc_AKGC417L,198,1,1
198_6p1_Ar_mc_AKGC417L,198,1,0
198_6p1_Ar_mc_AKGC417L,198,1,0
198_6p1_Ar_mc_AKGC417L,198,1,1
198_6p1_Ar_mc_AKGC417L,198,1,0
198_6p1_Ll_mc_AKGC417L,198,0,0
198_6p1_Ll_mc_AKGC417L,198,1,0
198_6p1_Ll_mc_AKGC417L,198,0,0
198_6p1_Ll_mc_AKGC417L,198,0,1
198_6p1_Ll_mc_AKGC417L,198,0,0
198_6p1_Ll_mc_AKGC417L,198,0,0
198_6p1_Ll_mc_AKGC417L,198,0,0
198_6p1_Lr_mc_AKGC417L,198,1,1
198_6p1_Lr_mc_AKGC417L,198,1,1
198_6p1_Lr_mc_AKGC417L,198,1,0
198_6p1_Lr_mc_AKGC417L,198,1,0
198_6p1_Lr_mc_AKGC417L,198,1,1
198_6p1_Lr_mc_AKGC417L,198,1,0
198_6p1_Lr_mc_AKGC417L,198,1,1
198_6p1_Pl_mc_AKGC417L,198,1,0
198_6p1_Pl_mc_AKGC417L,198,1,1
198_6p1_Pl_mc_AKGC417L,198,1,0
198_6p1_Pl_mc_AKGC417L,198,1,0
198_6p1_Pl_mc_AKGC417L,198,1,1
198_6p1_Pl_mc_AKGC417L,198,0,1
198_6p1_Pl_mc_AKGC417L,198,1,0
198_6p1_Pr_mc_AKGC417L,198,1,0
198_6p1_Pr_mc_AKGC417L,198,1,0
198_6p1_Pr_mc_AKGC417L,198,1,0
198_6p1_Pr_mc_AKGC417L,198,0,1
198_6p1_Pr_mc_AKGC417L,198,1,0
198_6p1_Pr_mc_AKGC417L,198,1,0
198_6p1_Pr_mc_AKGC417L,198,0,0
198_6p1_Tc_mc_AKGC417L,198,0,0
198_6p1_Tc_mc_AKGC417L,198,1,2
198_6p1_Tc_mc_AKGC417L,198,1,0
198_6p1_Tc_mc_AKGC417L,198,1,0
198_6p1_Tc_mc_AKGC417L,198,0,0
198_6p1_Tc_mc_AKGC417L,198,0,0
198_6p1_Tc_mc_AKGC417L,198,0,1
198_6p1_Tc_mc_AKGC417L,198,0,0
202_1b1_Ar_sc_Meditron,202,0,0
202_1b1_Ar_sc_Meditron,202,0,1
202_1b1_Ar_sc_Meditron,202,0,0
202_1b1_Ar_sc_Meditron,202,0,0
202_1b1_Ar_sc_Meditron,202,0,0
202_1b1_Ar_sc_Meditron,202,0,0
202_1b1_Ar_sc_Meditron,202,0,1
202_1b1_Ar_sc_Meditron,202,0,1
202_1b1_Ar_sc_Meditron,202,0,1
202_1b1_Ar_sc_Meditron,202,0,0
205_1b3_Al_mc_AKGC417L,205,0,0
205_1b3_Al_mc_AKGC417L,205,0,0
205_1b3_Al_mc_AKGC417L,205,0,0
205_1b3_Al_mc_AKGC417L,205,1,0
205_1b3_Al_mc_AKGC417L,205,0,2
205_1b3_Al_mc_AKGC417L,205,0,0
205_1b3_Ar_mc_AKGC417L,205,1,0
205_1b3_Ar_mc_AKGC417L,205,1,0
205_1b3_Ar_mc_AKGC417L,205,1,1
205_1b3_Ar_mc_AKGC417L,205,1,0
205_1b3_Ar_mc_AKGC417L,205,1,0
205_1b3_Ar_mc_AKGC417L,205,1,0
205_1b3_Ll_mc_AKGC417L,205,0,0
205_1b3_Ll_mc_AKGC417L,205,1,0
205_1b3_Ll_mc_AKGC417L,205,1,1
205_1b3_Ll_mc_AKGC417L,205,1,1
205_1b3_Ll_mc_AKGC417L,205,1,0
205_1b3_Ll_mc_AKGC417L,205,1,0
205_1b3_Lr_mc_AKGC417L,205,0,1
205_1b3_Lr_mc_AKGC417L,205,1,1
205_1b3_Lr_mc_AKGC417L,205,1,0
205_1b3_Lr_mc_AKGC417L,205,0,0
205_1b3_Lr_mc_AKGC417L,205,0,0
205_1b3_Lr_mc_AKGC417L,205,0,2
205_1b3_Pl_mc_AKGC417L,205,0,0
205_1b3_Pl_mc_AKGC417L,205,1,1
205_1b3_Pl_mc_AKGC417L,205,1,0
205_1b3_Pl_mc_AKGC417L,205,1,1
205_1b3_Pl_mc_AKGC417L,205,1,0
205_1b3_Pl_mc_AKGC417L,205,0,0
205_1b3_Pr_mc_AKGC417L,205,1,0
205_1b3_Pr_mc_AKGC417L,205,1,0
205_1b3_Pr_mc_AKGC417L,205,1,1
205_1b3_Pr_mc_AKGC417L,205,0,1
205_1b3_Pr_mc_AKGC417L,205,1,0
205_1b3_Pr_mc_AKGC417L,205,0,0
205_2b2_Pr_mc_AKGC417L,205,0,1
205_2b2_Pr_mc_AKGC417L,205,0,1
205_2b2_Pr_mc_AKGC417L,205,0,1
205_2b2_Pr_mc_AKGC417L,205,0,1
205_2b2_Pr_mc_AKGC417L,205,0,1
205_2b3_Al_mc_AKGC417L,205,0,0
205_2b3_Al_mc_AKGC417L,205,0,0
205_2b3_Al_mc_AKGC417L,205,1,0
205_2b3_Al_mc_AKGC417L,205,1,0
205_2b3_Al_mc_AKGC417L,205,0,1
205_2b3_Ar_mc_AKGC417L,205,1,0
205_2b3_Ar_mc_AKGC417L,205,1,0
205_2b3_Ar_mc_AKGC417L,205,1,0
205_2b3_Ar_mc_AKGC417L,205,1,0
205_2b3_Ar_mc_AKGC417L,205,0,0
205_2b3_Ll_mc_AKGC417L,205,1,0
205_2b3_Ll_mc_AKGC417L,205,1,0
205_2b3_Ll_mc_AKGC417L,205,1,0
205_2b3_Ll_mc_AKGC417L,205,0,0
205_2b3_Ll_mc_AKGC417L,205,0,0
205_2b4_Pl_mc_AKGC417L,205,1,1
205_2b4_Pl_mc_AKGC417L,205,1,1
205_2b4_Pl_mc_AKGC417L,205,1,0
205_2b4_Pl_mc_AKGC417L,205,1,1
205_2b4_Pl_mc_AKGC417L,205,1,1
205_3b4_Al_mc_AKGC417L,205,1,0
205_3b4_Al_mc_AKGC417L,205,1,1
205_3b4_Al_mc_AKGC417L,205,1,0
205_3b4_Al_mc_AKGC417L,205,1,0
205_3b4_Ar_mc_AKGC417L,205,0,0
205_3b4_Ar_mc_AKGC417L,205,0,0
205_3b4_Ar_mc_AKGC417L,205,1,0
205_3b4_Ar_mc_AKGC417L,205,0,1
205_3b4_Pl_mc_AKGC417L,205,0,1
205_3b4_Pl_mc_AKGC417L,205,1,1
205_3b4_Pl_mc_AKGC417L,205,0,0
205_3b4_Pl_mc_AKGC417L,205,1,0
205_3b4_Pr_mc_AKGC417L,205,0,1
205_3b4_Pr_mc_AKGC417L,205,0,1
205_3b4_Pr_mc_AKGC417L,205,0,1
205_3b4_Pr_mc_AKGC417L,205,0,1
205_4b2_Al_mc_AKGC417L,205,1,0
205_4b2_Al_mc_AKGC417L,205,1,0
205_4b2_Al_mc_AKGC417L,205,1,0
205_4b2_Al_mc_AKGC417L,205,1,0
205_4b2_Al_mc_AKGC417L,205,1,0
205_4b2_Ar_mc_AKGC417L,205,1,0
205_4b2_Ar_mc_AKGC417L,205,1,0
205_4b2_Ar_mc_AKGC417L,205,1,1
205_4b2_Ar_mc_AKGC417L,205,0,0
205_4b2_Ar_mc_AKGC417L,205,1,1
205_4b2_Lr_mc_AKGC417L,205,1,0
205_4b2_Lr_mc_AKGC417L,205,0,1
205_4b2_Lr_mc_AKGC417L,205,0,0
205_4b2_Lr_mc_AKGC417L,205,0,0
205_4b2_Lr_mc_AKGC417L,205,0,0
205_4b2_Pl_mc_AKGC417L,205,0,0
205_4b2_Pl_mc_AKGC417L,205,0,1
205_4b2_Pl_mc_AKGC417L,205,0,0
205_4b2_Pl_mc_AKGC417L,205,0,0
205_4b2_Pl_mc_AKGC417L,205,0,0
205_4b2_Pr_mc_AKGC417L,205,1,1
205_4b2_Pr_mc_AKGC417L,205,1,0
205_4b2_Pr_mc_AKGC417L,205,0,0
205_4b2_Pr_mc_AKGC417L,205,1,2
205_4b2_Pr_mc_AKGC417L,205,1,0
207_2b2_Al_mc_AKGC417L,207,0,0
207_2b2_Al_mc_AKGC417L,207,0,0
207_2b2_Al_mc_AKGC417L,207,0,0
207_2b2_Al_mc_AKGC417L,207,0,0
207_2b2_Al_mc_AKGC417L,207,0,0
207_2b2_Al_mc_AKGC417L,207,0,1
207_2b2_Ar_mc_AKGC417L,207,0,0
207_2b2_Ar_mc_AKGC417L,207,0,0
207_2b2_Ar_mc_AKGC417L,207,0,1
207_2b2_Ar_mc_AKGC417L,207,0,0
207_2b2_Ar_mc_AKGC417L,207,0,0
207_2b2_Ar_mc_AKGC417L,207,0,0
207_2b2_Pl_mc_AKGC417L,207,0,1
207_2b2_Pl_mc_AKGC417L,207,1,0
207_2b2_Pl_mc_AKGC417L,207,0,0
207_2b2_Pl_mc_AKGC417L,207,1,1
207_2b2_Pl_mc_AKGC417L,207,0,0
207_2b2_Pl_mc_AKGC417L,207,0,1
207_2b2_Pr_mc_AKGC417L,207,0,0
207_2b2_Pr_mc_AKGC417L,207,0,1
207_2b2_Pr_mc_AKGC417L,207,0,1
207_2b2_Pr_mc_AKGC417L,207,0,1
207_2b2_Pr_mc_AKGC417L,207,0,0
207_2b2_Pr_mc_AKGC417L,207,0,1
207_2b2_Tc_mc_AKGC417L,207,0,0
207_2b2_Tc_mc_AKGC417L,207,0,0
207_2b2_Tc_mc_AKGC417L,207,0,0
207_2b2_Tc_mc_AKGC417L,207,0,1
207_2b2_Tc_mc_AKGC417L,207,0,1
207_2b2_Tc_mc_AKGC417L,207,0,1
207_2b3_Al_mc_AKGC417L,207,0,0
207_2b3_Al_mc_AKGC417L,207,1,0
207_2b3_Al_mc_AKGC417L,207,1,0
207_2b3_Al_mc_AKGC417L,207,0,1
207_2b3_Al_mc_AKGC417L,207,0,0
207_2b3_Al_mc_AKGC417L,207,0,0
207_2b3_Ar_mc_AKGC417L,207,0,0
207_2b3_Ar_mc_AKGC417L,207,0,0
207_2b3_Ar_mc_AKGC417L,207,1,0
207_2b3_Ar_mc_AKGC417L,207,0,0
207_2b3_Ar_mc_AKGC417L,207,0,1
207_2b3_Ar_mc_AKGC417L,207,0,0
207_2b3_Pl_mc_AKGC417L,207,0,1
207_2b3_Pl_mc_AKGC417L,207,0,1
207_2b3_Pl_mc_AKGC417L,207,0,0
207_2b3_Pl_mc_AKGC417L,207,1,0
207_2b3_Pl_mc_AKGC417L,207,0,1
207_2b3_Pl_mc_AKGC417L,207,1,3
207_2b3_Pr_mc_AKGC417L,207,0,0
207_2b3_Pr_mc_AKGC417L,207,0,1
207_2b3_Pr_mc_AKGC417L,207,0,1
207_2b3_Pr_mc_AKGC417L,207,0,0
207_2b3_Pr_mc_AKGC417L,207,0,1
207_2b3_Pr_mc_AKGC417L,207,0,2
207_2b3_Tc_mc_AKGC417L,207,0,0
207_2b3_Tc_mc_AKGC417L,207,0,0
207_2b3_Tc_mc_AKGC417L,207,0,0
207_2b3_Tc_mc_AKGC417L,207,0,0
207_2b3_Tc_mc_AKGC417L,207,0,0
207_2b3_Tc_mc_AKGC417L,207,0,1
207_2b4_Al_mc_AKGC417L,207,1,1
207_2b4_Al_mc_AKGC417L,207,1,0
207_2b4_Al_mc_AKGC417L,207,0,0
207_2b4_Al_mc_AKGC417L,207,1,0
207_2b4_Al_mc_AKGC417L,207,1,1
207_2b4_Ar_mc_AKGC417L,207,1,1
207_2b4_Ar_mc_AKGC417L,207,1,0
207_2b4_Ar_mc_AKGC417L,207,1,1
207_2b4_Ar_mc_AKGC417L,207,1,1
207_2b4_Ar_mc_AKGC417L,207,1,0
207_2b4_Pl_mc_AKGC417L,207,0,0
207_2b4_Pl_mc_AKGC417L,207,1,0
207_2b4_Pl_mc_AKGC417L,207,1,1
207_2b4_Pl_mc_AKGC417L,207,1,0
207_2b4_Pl_mc_AKGC417L,207,0,0
207_2b4_Pr_mc_AKGC417L,207,1,1
207_2b4_Pr_mc_AKGC417L,207,1,0
207_2b4_Pr_mc_AKGC417L,207,1,1
207_2b4_Pr_mc_AKGC417L,207,0,0
207_2b4_Pr_mc_AKGC417L,207,0,1
207_2b4_Tc_mc_AKGC417L,207,0,1
207_2b4_Tc_mc_AKGC417L,207,0,0
207_2b4_Tc_mc_AKGC417L,207,2,0
207_2b4_Tc_mc_AKGC417L,207,0,0
207_2b4_Tc_mc_AKGC417L,207,0,0
207_3b2_Al_mc_AKGC417L,207,0,1
207_3b2_Al_mc_AKGC417L,207,0,0
207_3b2_Al_mc_AKGC417L,207,0,0
207_3b2_Al_mc_AKGC417L,207,0,0
207_3b2_Al_mc_AKGC417L,207,0,1
207_3b2_Al_mc_AKGC417L,207,0,1
207_3b2_Al_mc_AKGC417L,207,0,1
207_3b2_Al_mc_AKGC417L,207,0,0
207_3b2_Al_mc_AKGC417L,207,0,1
207_3b2_Ar_mc_AKGC417L,207,0,1
207_3b2_Ar_mc_AKGC417L,207,0,0
207_3b2_Ar_mc_AKGC417L,207,0,0
207_3b2_Ar_mc_AKGC417L,207,0,0
207_3b2_Ar_mc_AKGC417L,207,0,1
207_3b2_Ar_mc_AKGC417L,207,0,0
207_3b2_Ar_mc_AKGC417L,207,0,0
207_3b2_Ar_mc_AKGC417L,207,0,1
207_3b2_Ar_mc_AKGC417L,207,0,1
207_3b2_Lr_mc_AKGC417L,207,0,1
207_3b2_Lr_mc_AKGC417L,207,0,0
207_3b2_Lr_mc_AKGC417L,207,0,0
207_3b2_Lr_mc_AKGC417L,207,0,0
207_3b2_Lr_mc_AKGC417L,207,0,0
207_3b2_Lr_mc_AKGC417L,207,0,0
207_3b2_Lr_mc_AKGC417L,207,0,0
207_3b2_Lr_mc_AKGC417L,207,0,0
207_3b2_Lr_mc_AKGC417L,207,0,0
207_3b2_Pl_mc_AKGC417L,207,0,1
207_3b2_Pl_mc_AKGC417L,207,0,0
207_3b2_Pl_mc_AKGC417L,207,0,0
207_3b2_Pl_mc_AKGC417L,207,0,0
207_3b2_Pl_mc_AKGC417L,207,0,0
207_3b2_Pl_mc_AKGC417L,207,0,0
207_3b2_Pl_mc_AKGC417L,207,0,1
207_3b2_Pl_mc_AKGC417L,207,0,0
207_3b2_Pl_mc_AKGC417L,207,0,0
207_3b2_Pr_mc_AKGC417L,207,0,0
207_3b2_Pr_mc_AKGC417L,207,0,1
207_3b2_Pr_mc_AKGC417L,207,0,1
207_3b2_Pr_mc_AKGC417L,207,0,1
207_3b2_Pr_mc_AKGC417L,207,0,0
207_3b2_Pr_mc_AKGC417L,207,0,0
207_3b2_Pr_mc_AKGC417L,207,0,1
207_3b2_Pr_mc_AKGC417L,207,0,1
207_3b2_Pr_mc_AKGC417L,207,0,1
207_3b2_Tc_mc_AKGC417L,207,0,1
207_3b2_Tc_mc_AKGC417L,207,0,0
207_3b2_Tc_mc_AKGC417L,207,0,0
207_3b2_Tc_mc_AKGC417L,207,0,0
207_3b2_Tc_mc_AKGC417L,207,0,0
207_3b2_Tc_mc_AKGC417L,207,0,1
207_3b2_Tc_mc_AKGC417L,207,0,0
207_3b2_Tc_mc_AKGC417L,207,0,0
207_3b2_Tc_mc_AKGC417L,207,0,1
211_1p2_Ar_mc_AKGC417L,211,0,0
211_1p2_Ar_mc_AKGC417L,211,0,0
211_1p2_Ar_mc_AKGC417L,211,0,0
211_1p2_Ar_mc_AKGC417L,211,0,0
211_1p2_Ar_mc_AKGC417L,211,0,0
211_1p2_Ar_mc_AKGC417L,211,0,0
211_1p2_Ar_mc_AKGC417L,211,0,2
211_1p2_Ar_mc_AKGC417L,211,0,0
211_1p2_Ar_mc_AKGC417L,211,0,2
211_1p2_Ar_mc_AKGC417L,211,0,0
211_1p2_Ar_mc_AKGC417L,211,0,0
211_1p2_Ar_mc_AKGC417L,211,0,0
211_1p2_Ar_mc_AKGC417L,211,0,0
211_1p2_Pl_mc_AKGC417L,211,2,0
211_1p2_Pl_mc_AKGC417L,211,3,1
211_1p2_Pl_mc_AKGC417L,211,3,0
211_1p2_Pl_mc_AKGC417L,211,1,0
211_1p2_Pl_mc_AKGC417L,211,1,1
211_1p2_Pl_mc_AKGC417L,211,3,0
211_1p2_Pl_mc_AKGC417L,211,1,0
211_1p2_Pl_mc_AKGC417L,211,2,0
211_1p2_Pl_mc_AKGC417L,211,3,0
211_1p2_Pl_mc_AKGC417L,211,2,0
211_1p2_Pl_mc_AKGC417L,211,2,0
211_1p2_Pl_mc_AKGC417L,211,1,0
211_1p2_Pl_mc_AKGC417L,211,1,0
211_1p2_Pr_mc_AKGC417L,211,0,1
211_1p2_Pr_mc_AKGC417L,211,0,0
211_1p2_Pr_mc_AKGC417L,211,0,1
211_1p2_Pr_mc_AKGC417L,211,0,0
211_1p2_Pr_mc_AKGC417L,211,0,1
211_1p2_Pr_mc_AKGC417L,211,0,1
211_1p2_Pr_mc_AKGC417L,211,0,0
211_1p2_Pr_mc_AKGC417L,211,0,0
211_1p2_Pr_mc_AKGC417L,211,0,0
211_1p2_Pr_mc_AKGC417L,211,0,0
211_1p2_Pr_mc_AKGC417L,211,0,1
211_1p2_Pr_mc_AKGC417L,211,0,1
211_1p2_Pr_mc_AKGC417L,211,0,0
211_1p3_Ar_mc_AKGC417L,211,0,0
211_1p3_Ar_mc_AKGC417L,211,0,0
211_1p3_Ar_mc_AKGC417L,211,0,0
211_1p3_Ar_mc_AKGC417L,211,0,0
211_1p3_Ar_mc_AKGC417L,211,0,0
211_1p3_Ar_mc_AKGC417L,211,0,0
211_1p3_Ar_mc_AKGC417L,211,0,0
211_1p3_Ar_mc_AKGC417L,211,0,0
211_1p3_Ar_mc_AKGC417L,211,0,0
211_1p3_Ar_mc_AKGC417L,211,0,0
211_1p3_Ar_mc_AKGC417L,211,0,0
211_1p3_Ar_mc_AKGC417L,211,0,0
211_1p3_Ar_mc_AKGC417L,211,0,0
211_1p3_Ar_mc_AKGC417L,211,0,0
211_1p5_Ar_mc_AKGC417L,211,0,0
211_1p5_Ar_mc_AKGC417L,211,0,0
211_1p5_Ar_mc_AKGC417L,211,0,0
211_1p5_Ar_mc_AKGC417L,211,0,0
211_1p5_Ar_mc_AKGC417L,211,0,0
211_1p5_Ar_mc_AKGC417L,211,0,2
211_1p5_Ar_mc_AKGC417L,211,0,0
211_1p5_Ar_mc_AKGC417L,211,0,0
211_1p5_Ar_mc_AKGC417L,211,0,0
211_1p5_Ar_mc_AKGC417L,211,0,0
211_1p5_Ar_mc_AKGC417L,211,0,0
211_1p5_Ar_mc_AKGC417L,211,0,0
211_1p5_Ar_mc_AKGC417L,211,0,0
211_1p5_Ar_mc_AKGC417L,211,0,0
211_2p2_Tc_mc_AKGC417L,211,0,0
211_2p2_Tc_mc_AKGC417L,211,0,0
211_2p2_Tc_mc_AKGC417L,211,0,0
211_2p2_Tc_mc_AKGC417L,211,0,0
211_2p2_Tc_mc_AKGC417L,211,0,0
211_2p2_Tc_mc_AKGC417L,211,0,0
211_2p2_Tc_mc_AKGC417L,211,0,0
211_2p2_Tc_mc_AKGC417L,211,0,0
211_2p2_Tc_mc_AKGC417L,211,0,0
211_2p2_Tc_mc_AKGC417L,211,0,0
211_2p2_Tc_mc_AKGC417L,211,0,0
211_2p2_Tc_mc_AKGC417L,211,0,0
211_2p2_Tc_mc_AKGC417L,211,0,1
211_2p3_Tc_mc_AKGC417L,211,0,0
211_2p3_Tc_mc_AKGC417L,211,0,0
211_2p3_Tc_mc_AKGC417L,211,0,0
211_2p3_Tc_mc_AKGC417L,211,0,0
211_2p3_Tc_mc_AKGC417L,211,0,1
211_2p3_Tc_mc_AKGC417L,211,0,0
211_2p3_Tc_mc_AKGC417L,211,0,0
211_2p3_Tc_mc_AKGC417L,211,0,0
211_2p3_Tc_mc_AKGC417L,211,0,0
211_2p3_Tc_mc_AKGC417L,211,0,0
211_2p3_Tc_mc_AKGC417L,211,0,0
211_2p3_Tc_mc_AKGC417L,211,0,0
211_2p3_Tc_mc_AKGC417L,211,0,0
211_2p3_Tc_mc_AKGC417L,211,0,0
211_2p3_Tc_mc_AKGC417L,211,0,0
211_2p3_Tc_mc_AKGC417L,211,0,0
211_2p4_Tc_mc_AKGC417L,211,0,0
211_2p4_Tc_mc_AKGC417L,211,0,0
211_2p4_Tc_mc_AKGC417L,211,0,0
211_2p4_Tc_mc_AKGC417L,211,0,0
211_2p4_Tc_mc_AKGC417L,211,0,0
211_2p4_Tc_mc_AKGC417L,211,0,0
211_2p4_Tc_mc_AKGC417L,211,0,0
211_2p4_Tc_mc_AKGC417L,211,0,0
211_2p4_Tc_mc_AKGC417L,211,0,0
211_2p4_Tc_mc_AKGC417L,211,0,0
211_2p4_Tc_mc_AKGC417L,211,0,0
211_2p4_Tc_mc_AKGC417L,211,0,0
211_2p4_Tc_mc_AKGC417L,211,0,0
211_2p4_Tc_mc_AKGC417L,211,0,0
211_2p4_Tc_mc_AKGC417L,211,0,0
214_1b1_Ar_sc_Meditron,214,0,0
214_1b1_Ar_sc_Meditron,214,0,1
214_1b1_Ar_sc_Meditron,214,0,0
214_1b1_Ar_sc_Meditron,214,0,1
214_1b1_Ar_sc_Meditron,214,0,0
214_1b1_Ar_sc_Meditron,214,0,0
214_1b1_Ar_sc_Meditron,214,0,0
216_1b1_Al_sc_Meditron,216,1,1
216_1b1_Al_sc_Meditron,216,0,0
216_1b1_Al_sc_Meditron,216,1,1
216_1b1_Al_sc_Meditron,216,1,0
216_1b1_Al_sc_Meditron,216,1,0
216_1b1_Al_sc_Meditron,216,0,0
216_1b1_Al_sc_Meditron,216,0,1
216_1b1_Al_sc_Meditron,216,0,0
216_1b1_Al_sc_Meditron,216,0,0
216_1b1_Al_sc_Meditron,216,0,0
216_1b1_Al_sc_Meditron,216,0,0
216_1b1_Al_sc_Meditron,216,0,1
216_1b1_Pl_sc_Meditron,216,2,3
216_1b1_Pl_sc_Meditron,216,2,3
216_1b1_Pl_sc_Meditron,216,2,2
216_1b1_Pl_sc_Meditron,216,2,0
216_1b1_Pl_sc_Meditron,216,2,2
216_1b1_Pl_sc_Meditron,216,2,2
216_1b1_Pl_sc_Meditron,216,2,0
216_1b1_Pl_sc_Meditron,216,2,0
216_1b1_Pl_sc_Meditron,216,0,0
216_1b1_Pl_sc_Meditron,216,0,0
223_1b1_Al_sc_Meditron,223,0,0
223_1b1_Al_sc_Meditron,223,0,0
223_1b1_Al_sc_Meditron,223,0,0
223_1b1_Al_sc_Meditron,223,0,0
223_1b1_Al_sc_Meditron,223,0,0
223_1b1_Al_sc_Meditron,223,0,0
223_1b1_Al_sc_Meditron,223,0,0
223_1b1_Al_sc_Meditron,223,0,0
223_1b1_Al_sc_Meditron,223,0,0
223_1b1_Al_sc_Meditron,223,0,0
223_1b1_Ar_sc_Meditron,223,2,0
223_1b1_Ar_sc_Meditron,223,2,0
223_1b1_Ar_sc_Meditron,223,2,1
223_1b1_Ar_sc_Meditron,223,2,0
223_1b1_Ar_sc_Meditron,223,2,1
223_1b1_Ar_sc_Meditron,223,2,0
223_1b1_Ar_sc_Meditron,223,2,1
223_1b1_Ar_sc_Meditron,223,2,1
223_1b1_Ar_sc_Meditron,223,2,0
223_1b1_Ar_sc_Meditron,223,2,0
223_1b1_Ll_sc_Meditron,223,1,0
223_1b1_Ll_sc_Meditron,223,0,0
223_1b1_Ll_sc_Meditron,223,1,1
223_1b1_Ll_sc_Meditron,223,1,1
223_1b1_Ll_sc_Meditron,223,1,1
223_1b1_Ll_sc_Meditron,223,1,0
223_1b1_Ll_sc_Meditron,223,1,0
223_1b1_Ll_sc_Meditron,223,1,1
223_1b1_Ll_sc_Meditron,223,1,1
223_1b1_Ll_sc_Meditron,223,1,1
223_1b1_Lr_sc_Meditron,223,1,0
223_1b1_Lr_sc_Meditron,223,1,1
223_1b1_Lr_sc_Meditron,223,1,1
223_1b1_Lr_sc_Meditron,223,1,1
223_1b1_Lr_sc_Meditron,223,1,0
223_1b1_Lr_sc_Meditron,223,1,1
223_1b1_Lr_sc_Meditron,223,1,3
223_1b1_Lr_sc_Meditron,223,1,1
223_1b1_Lr_sc_Meditron,223,1,0
223_1b1_Lr_sc_Meditron,223,1,0
223_1b1_Pl_sc_Meditron,223,0,2
223_1b1_Pl_sc_Meditron,223,0,0
223_1b1_Pl_sc_Meditron,223,0,0
223_1b1_Pl_sc_Meditron,223,0,0
223_1b1_Pl_sc_Meditron,223,0,0
223_1b1_Pl_sc_Meditron,223,0,0
223_1b1_Pl_sc_Meditron,223,0,0
223_1b1_Pl_sc_Meditron,223,0,0
223_1b1_Pl_sc_Meditron,223,0,0
223_1b1_Pl_sc_Meditron,223,0,0
223_1b1_Pl_sc_Meditron,223,0,0
223_1b1_Pr_sc_Meditron,223,0,0
223_1b1_Pr_sc_Meditron,223,0,0
223_1b1_Pr_sc_Meditron,223,0,0
223_1b1_Pr_sc_Meditron,223,0,0
223_1b1_Pr_sc_Meditron,223,0,0
223_1b1_Pr_sc_Meditron,223,0,0
223_1b1_Pr_sc_Meditron,223,0,0
223_1b1_Pr_sc_Meditron,223,2,0
223_1b1_Pr_sc_Meditron,223,2,0
223_1b1_Pr_sc_Meditron,223,2,0
224_1b1_Tc_sc_Meditron,224,0,0
224_1b1_Tc_sc_Meditron,224,0,0
224_1b1_Tc_sc_Meditron,224,0,2
224_1b1_Tc_sc_Meditron,224,0,0
224_1b1_Tc_sc_Meditron,224,0,0
224_1b1_Tc_sc_Meditron,224,0,0
224_1b1_Tc_sc_Meditron,224,0,0
224_1b2_Al_sc_Meditron,224,0,0
224_1b2_Al_sc_Meditron,224,0,0
224_1b2_Al_sc_Meditron,224,0,0
224_1b2_Al_sc_Meditron,224,0,0
224_1b2_Al_sc_Meditron,224,0,0
224_1b2_Al_sc_Meditron,224,0,1
224_1b2_Al_sc_Meditron,224,0,0
225_1b1_Pl_sc_Meditron,225,0,0
225_1b1_Pl_sc_Meditron,225,0,0
225_1b1_Pl_sc_Meditron,225,0,0
225_1b1_Pl_sc_Meditron,225,0,0
225_1b1_Pl_sc_Meditron,225,0,0
225_1b1_Pl_sc_Meditron,225,0,0
225_1b1_Pl_sc_Meditron,225,0,0
225_1b1_Pl_sc_Meditron,225,0,0
225_1b1_Pl_sc_Meditron,225,0,0
225_1b1_Pl_sc_Meditron,225,0,0
225_1b1_Pl_sc_Meditron,225,0,0
225_1b1_Pl_sc_Meditron,225,0,0
225_1b1_Pl_sc_Meditron,225,0,0
225_1b1_Pl_sc_Meditron,225,0,0
