clip_id,crackles,wheeze,confidence,audio_quality,notes
clip_001,,,,,
clip_002,,,,,
clip_003,,,,,
clip_004,,,,,
clip_005,,,,,
clip_006,,,,,
clip_007,,,,,
clip_008,,,,,
clip_009,,,,,
clip_010,,,,,
clip_011,,,,,
clip_012,,,,,
clip_013,,,,,
clip_014,,,,,
clip_015,,,,,
clip_016,,,,,
clip_017,,,,,
clip_018,,,,,
clip_019,,,,,
clip_020,,,,,
clip_021,,,,,
clip_022,,,,,
clip_023,,,,,
clip_024,,,,,
clip_025,,,,,
clip_026,,,,,
clip_027,,,,,
clip_028,,,,,
clip_029,,,,,
clip_030,,,,,
clip_031,,,,,
clip_032,,,,,
clip_033,,,,,
clip_034,,,,,
clip_035,,,,,
clip_036,,,,,
clip_037,,,,,
clip_038,,,,,
clip_039,,,,,
clip_040,,,,,
clip_041,,,,,
clip_042,,,,,
clip_043,,,,,
clip_044,,,,,
clip_045,,,,,
clip_046,,,,,
clip_047,,,,,
clip_048,,,,,
clip_049,,,,,
clip_050,,,,,
clip_051,,,,,
clip_052,,,,,
clip_053,,,,,
clip_054,,,,,
clip_055,,,,,
clip_056,,,,,
clip_057,,,,,
clip_058,,,,,
clip_059,,,,,
clip_060,,,,,
clip_061,,,,,
clip_062,,,,,
clip_063,,,,,
clip_064,,,,,
clip_065,,,,,
clip_066,,,,,
clip_067,,,,,
clip_068,,,,,
clip_069,,,,,
clip_070,,,,,
clip_071,,,,,
clip_072,,,,,
clip_073,,,,,
clip_074,,,,,
clip_075,,,,,
clip_076,,,,,
clip_077,,,,,
clip_078,,,,,
clip_079,,,,,
clip_080,,,,,
clip_081,,,,,
clip_082,,,,,
clip_083,,,,,
clip_084,,,,,
clip_085,,,,,
clip_086,,,,,
clip_087,,,,,
clip_088,,,,,
clip_089,,,,,
clip_090,,,,,
clip_091,,,,,
clip_092,,,,,
clip_093,,,,,
clip_094,,,,,
clip_095,,,,,
clip_096,,,,,
clip_097,,,,,
clip_098,,,,,
clip_099,,,,,
clip_100,,,,,
clip_101,,,,,
clip_102,,,,,
clip_103,,,,,
clip_104,,,,,
clip_105,,,,,
clip_106,,,,,
clip_107,,,,,
clip_108,,,,,
clip_109,,,,,
clip_110,,,,,
clip_111,,,,,
clip_112,,,,,
clip_113,,,,,
clip_114,,,,,
clip_115,,,,,
clip_116,,,,,
clip_117,,,,,
clip_118,,,,,
clip_119,,,,,
clip_120,,,,,
clip_121,,,,,
clip_122,,,,,
clip_123,,,,,
clip_124,,,,,
clip_125,,,,,
clip_126,,,,,
clip_127,,,,,
clip_128,,,,,
clip_129,,,,,
clip_130,,,,,
clip_131,,,,,
clip_132,,,,,
